Date,Transaction_ID,Region,Department,Product,Revenue,Expense,Profit,Payment_Method
2025-11-24,TXN00001,Nashik,Marketing,Consulting,49184,22686,26498,Card
2025-02-22,TXN00002,Aurangabad,Sales,Subscription,197392,154617,42775,Cash
2025-01-17,TXN00003,Pune,HR,Subscription,27811,13687,14124,UPI
2025-10-15,TXN00004,Aurangabad,Finance,Consulting,72124,55694,16430,Cash
2025-10-29,TXN00005,Mumbai,Marketing,Support,92926,75664,17262,Bank Transfer
2025-05-23,TXN00006,Nashik,Sales,Software,60758,33228,27530,Cash
2025-02-19,TXN00007,Aurangabad,Operations,Software,114104,94862,19242,Cash
2025-10-02,TXN00008,Nagpur,Sales,Subscription,52722,46811,5911,Bank Transfer
2025-11-18,TXN00009,Nashik,HR,Consulting,182141,154538,27603,UPI
2025-01-24,TXN00010,Nashik,Sales,Consulting,193346,106834,86512,UPI
2025-07-14,TXN00011,Nashik,Marketing,Training,92869,60739,32130,Bank Transfer
2025-04-18,TXN00012,Mumbai,HR,Consulting,195682,111566,84116,Card
2025-03-25,TXN00013,Aurangabad,Marketing,Training,141178,87636,53542,UPI
2025-04-28,TXN00014,Nagpur,Operations,Software,28414,23079,5335,Card
2025-10-18,TXN00015,Nagpur,Finance,Support,102490,55926,46564,Card
2025-05-16,TXN00016,Aurangabad,HR,Training,56603,31753,24850,Cash
2025-10-26,TXN00017,Pune,HR,Support,124700,76428,48272,UPI
2025-01-25,TXN00018,Pune,Finance,Subscription,48743,25286,23457,UPI
2025-07-17,TXN00019,Nagpur,HR,Training,120039,86205,33834,UPI
2025-12-15,TXN00020,Aurangabad,Operations,Training,50029,37860,12169,UPI
2025-05-31,TXN00021,Mumbai,Operations,Subscription,133971,69821,64150,Card
2025-09-17,TXN00022,Nashik,HR,Subscription,47894,40313,7581,Card
2025-03-20,TXN00023,Aurangabad,HR,Software,118019,93604,24415,Bank Transfer
2025-09-08,TXN00024,Nashik,Operations,Consulting,25105,12561,12544,UPI
2025-05-04,TXN00025,Mumbai,Finance,Software,168729,147828,20901,Card
2025-03-07,TXN00026,Aurangabad,Marketing,Training,192949,128094,64855,Cash
2025-04-19,TXN00027,Pune,Operations,Support,161373,127463,33910,Bank Transfer
2025-08-13,TXN00028,Pune,Marketing,Software,155679,101684,53995,Bank Transfer
2025-01-11,TXN00029,Aurangabad,Marketing,Software,174221,121826,52395,UPI
2025-12-29,TXN00030,Mumbai,Sales,Training,185439,88360,97079,UPI
2025-09-21,TXN00031,Nagpur,Marketing,Subscription,82391,47400,34991,Card
2025-10-20,TXN00032,Nagpur,Finance,Consulting,171050,113355,57695,UPI
2025-02-19,TXN00033,Nagpur,Finance,Support,192748,124124,68624,UPI
2025-12-11,TXN00034,Mumbai,Sales,Support,191299,170805,20494,Bank Transfer
2025-02-25,TXN00035,Aurangabad,Finance,Consulting,85183,45676,39507,Cash
2025-04-04,TXN00036,Mumbai,Finance,Subscription,93018,61222,31796,UPI
2025-01-26,TXN00037,Mumbai,Sales,Consulting,190955,171797,19158,Card
2025-07-28,TXN00038,Nagpur,Sales,Consulting,147307,98196,49111,Cash
2025-01-02,TXN00039,Nagpur,Operations,Support,122346,69656,52690,Cash
2025-03-21,TXN00040,Mumbai,HR,Subscription,69780,40717,29063,UPI
2025-06-10,TXN00041,Nagpur,HR,Subscription,34985,16532,18453,Card
2025-01-30,TXN00042,Pune,Sales,Subscription,153124,74425,78699,UPI
2025-12-12,TXN00043,Aurangabad,Marketing,Subscription,81657,51582,30075,UPI
2025-11-14,TXN00044,Aurangabad,HR,Subscription,41491,26498,14993,Bank Transfer
2025-05-14,TXN00045,Nashik,Marketing,Training,73545,55259,18286,Cash
2025-03-09,TXN00046,Nagpur,Operations,Software,196079,145191,50888,UPI
2025-08-23,TXN00047,Mumbai,Sales,Subscription,182833,164422,18411,Card
2025-09-17,TXN00048,Nashik,Sales,Consulting,89520,45619,43901,Bank Transfer
2025-05-26,TXN00049,Aurangabad,Operations,Subscription,61352,39705,21647,UPI
2025-12-08,TXN00050,Mumbai,Marketing,Training,165385,96703,68682,UPI
2025-02-24,TXN00051,Nashik,HR,Consulting,165024,85804,79220,Bank Transfer
2025-04-15,TXN00052,Aurangabad,Finance,Training,186261,155306,30955,UPI
2025-02-17,TXN00053,Nashik,Sales,Software,186273,119328,66945,Bank Transfer
2025-03-08,TXN00054,Pune,Finance,Subscription,187015,166613,20402,Cash
2025-10-15,TXN00055,Pune,HR,Software,22534,11274,11260,Bank Transfer
2025-10-26,TXN00056,Pune,Sales,Training,164841,85163,79678,Bank Transfer
2025-01-21,TXN00057,Pune,Sales,Training,113797,61966,51831,Cash
2025-11-14,TXN00058,Pune,Marketing,Consulting,60515,52441,8074,Cash
2025-01-13,TXN00059,Nashik,Finance,Consulting,67018,52371,14647,Bank Transfer
2025-03-23,TXN00060,Mumbai,Finance,Consulting,48336,30071,18265,Card
2025-08-24,TXN00061,Pune,Marketing,Software,111660,65581,46079,Card
2025-07-24,TXN00062,Mumbai,Operations,Training,106051,61018,45033,Cash
2025-12-14,TXN00063,Mumbai,Sales,Training,160565,96181,64384,Card
2025-10-25,TXN00064,Aurangabad,Finance,Training,89590,41857,47733,Bank Transfer
2025-08-12,TXN00065,Mumbai,Finance,Subscription,178914,159753,19161,Card
2025-05-11,TXN00066,Mumbai,HR,Subscription,31635,24325,7310,Card
2025-07-06,TXN00067,Nashik,HR,Training,133062,64067,68995,UPI
2025-06-03,TXN00068,Nagpur,Operations,Support,152939,90108,62831,Bank Transfer
2025-10-11,TXN00069,Nagpur,Marketing,Subscription,53367,28622,24745,Bank Transfer
2025-07-27,TXN00070,Nashik,Operations,Consulting,163638,135030,28608,Cash
2025-10-24,TXN00071,Nagpur,Finance,Support,179032,133310,45722,Card
2025-09-19,TXN00072,Pune,Sales,Training,144042,116267,27775,Bank Transfer
2025-02-17,TXN00073,Pune,Marketing,Consulting,81569,61401,20168,UPI
2025-01-24,TXN00074,Aurangabad,Sales,Support,84184,75157,9027,Cash
2025-11-19,TXN00075,Nagpur,Finance,Support,170908,91862,79046,Card
2025-03-17,TXN00076,Mumbai,Finance,Consulting,191981,145796,46185,Card
2025-12-23,TXN00077,Aurangabad,Marketing,Software,155779,102665,53114,Cash
2025-03-10,TXN00078,Aurangabad,HR,Training,141803,106410,35393,Cash
2025-11-10,TXN00079,Aurangabad,Finance,Consulting,152324,97797,54527,Cash
2025-08-19,TXN00080,Nashik,HR,Support,87945,69327,18618,Card
2025-05-21,TXN00081,Nashik,Marketing,Training,135309,65606,69703,Bank Transfer
2025-06-13,TXN00082,Pune,Marketing,Support,161597,78578,83019,Card
2025-12-28,TXN00083,Nagpur,Operations,Subscription,76086,36437,39649,Cash
2025-08-01,TXN00084,Nagpur,Finance,Subscription,36322,19725,16597,UPI
2025-10-22,TXN00085,Nashik,Operations,Support,119714,79566,40148,Cash
2025-10-03,TXN00086,Pune,Finance,Consulting,163165,132153,31012,Bank Transfer
2025-08-12,TXN00087,Nashik,Finance,Consulting,147308,68212,79096,Cash
2025-03-07,TXN00088,Nagpur,HR,Subscription,183120,126417,56703,UPI
2025-02-12,TXN00089,Nagpur,Marketing,Software,188492,121176,67316,Bank Transfer
2025-07-14,TXN00090,Nashik,Operations,Support,105813,57694,48119,Bank Transfer
2025-08-04,TXN00091,Nagpur,Sales,Subscription,86131,71119,15012,UPI
2025-06-29,TXN00092,Mumbai,Sales,Consulting,78778,58497,20281,Card
2025-01-11,TXN00093,Pune,Finance,Software,182879,94835,88044,Card
2025-08-27,TXN00094,Pune,HR,Subscription,87172,69310,17862,UPI
2025-03-25,TXN00095,Mumbai,Operations,Subscription,101536,50630,50906,Cash
2025-07-23,TXN00096,Pune,Sales,Training,71990,34857,37133,UPI
2025-10-17,TXN00097,Nagpur,Operations,Software,30766,18651,12115,Bank Transfer
2025-01-07,TXN00098,Mumbai,Finance,Training,130115,106700,23415,Cash
2025-12-29,TXN00099,Aurangabad,Operations,Subscription,60105,38825,21280,Cash
2025-08-27,TXN00100,Aurangabad,Operations,Training,134183,110242,23941,Card
2025-02-14,TXN00101,Pune,Finance,Subscription,93119,78847,14272,Cash
2025-06-22,TXN00102,Nashik,Marketing,Support,27523,18507,9016,Card
2025-07-01,TXN00103,Aurangabad,Operations,Subscription,87725,52911,34814,UPI
2025-09-22,TXN00104,Nagpur,Finance,Subscription,70084,34237,35847,Card
2025-12-20,TXN00105,Nagpur,Finance,Software,144804,107249,37555,UPI
2025-05-31,TXN00106,Pune,Operations,Subscription,78090,49351,28739,Bank Transfer
2025-08-31,TXN00107,Nagpur,HR,Training,165089,113732,51357,Bank Transfer
2025-12-26,TXN00108,Nashik,Marketing,Software,138946,79464,59482,Card
2025-06-11,TXN00109,Pune,Marketing,Consulting,51340,40265,11075,Cash
2025-05-22,TXN00110,Aurangabad,HR,Training,174556,155262,19294,UPI
2025-04-10,TXN00111,Pune,Operations,Software,97659,53943,43716,Card
2025-05-21,TXN00112,Aurangabad,Operations,Consulting,31931,28368,3563,Cash
2025-02-22,TXN00113,Nagpur,Finance,Support,23215,16443,6772,Bank Transfer
2025-04-05,TXN00114,Nagpur,Sales,Software,33468,18863,14605,Cash
2025-09-09,TXN00115,Mumbai,Marketing,Consulting,39420,27974,11446,Bank Transfer
2025-02-13,TXN00116,Nagpur,HR,Subscription,85061,42811,42250,Card
2025-09-25,TXN00117,Nagpur,Operations,Subscription,119713,78140,41573,Cash
2025-06-06,TXN00118,Aurangabad,Sales,Consulting,169062,123324,45738,Card
2025-05-16,TXN00119,Pune,Marketing,Subscription,193127,93962,99165,UPI
2025-03-22,TXN00120,Aurangabad,Finance,Training,20701,13120,7581,UPI
2025-04-29,TXN00121,Nagpur,Sales,Consulting,95524,73374,22150,Bank Transfer
2025-11-17,TXN00122,Pune,Finance,Software,174609,130525,44084,Card
2025-11-28,TXN00123,Pune,Sales,Software,59056,50716,8340,Card
2025-06-07,TXN00124,Aurangabad,Operations,Support,175987,138507,37480,UPI
2025-08-28,TXN00125,Nashik,HR,Subscription,99715,76270,23445,Cash
2025-08-13,TXN00126,Nagpur,Operations,Subscription,41087,29546,11541,Bank Transfer
2025-01-14,TXN00127,Aurangabad,HR,Software,43940,24299,19641,Bank Transfer
2025-10-23,TXN00128,Pune,Finance,Subscription,30546,24235,6311,Cash
2025-05-23,TXN00129,Nagpur,Finance,Software,67576,60725,6851,Cash
2025-06-28,TXN00130,Mumbai,Marketing,Training,127046,76226,50820,Cash
2025-12-22,TXN00131,Nagpur,HR,Software,149884,86887,62997,Cash
2025-02-15,TXN00132,Mumbai,Finance,Subscription,102448,57737,44711,UPI
2025-12-03,TXN00133,Mumbai,Marketing,Subscription,162237,106733,55504,Bank Transfer
2025-11-15,TXN00134,Mumbai,Marketing,Training,150676,110209,40467,Card
2025-05-28,TXN00135,Nagpur,Sales,Software,134849,114133,20716,Card
2025-12-30,TXN00136,Mumbai,HR,Support,61517,36285,25232,UPI
2025-04-26,TXN00137,Mumbai,Marketing,Support,49743,32713,17030,Bank Transfer
2025-09-18,TXN00138,Nagpur,Finance,Consulting,91676,58394,33282,Cash
2025-10-10,TXN00139,Aurangabad,HR,Consulting,57917,36059,21858,UPI
2025-05-22,TXN00140,Aurangabad,Operations,Software,128774,77643,51131,Bank Transfer
2025-06-02,TXN00141,Nagpur,Marketing,Support,173862,123609,50253,Cash
2025-06-26,TXN00142,Aurangabad,Finance,Support,107147,74827,32320,Bank Transfer
2025-04-07,TXN00143,Pune,Finance,Software,82601,58424,24177,Bank Transfer
2025-08-31,TXN00144,Pune,Finance,Software,119937,74808,45129,Card
2025-09-15,TXN00145,Mumbai,Finance,Software,174712,104721,69991,Cash
2025-01-08,TXN00146,Pune,Sales,Support,57789,36666,21123,Bank Transfer
2025-06-23,TXN00147,Mumbai,Operations,Subscription,183383,139685,43698,Cash
2025-06-12,TXN00148,Nagpur,HR,Software,184311,142550,41761,UPI
2025-05-01,TXN00149,Nashik,Marketing,Software,185455,140571,44884,Cash
2025-02-20,TXN00150,Mumbai,Finance,Consulting,186133,142717,43416,Bank Transfer
2025-01-15,TXN00151,Mumbai,Operations,Training,32056,19104,12952,Bank Transfer
2025-08-09,TXN00152,Nagpur,HR,Consulting,58160,32563,25597,Card
2025-03-31,TXN00153,Nagpur,HR,Consulting,40701,29478,11223,Cash
2025-10-26,TXN00154,Nashik,Finance,Training,57517,31892,25625,UPI
2025-08-27,TXN00155,Pune,Sales,Support,95400,72019,23381,Bank Transfer
2025-10-28,TXN00156,Nagpur,Operations,Support,98421,72587,25834,Bank Transfer
2025-04-12,TXN00157,Mumbai,Marketing,Support,120845,100784,20061,Bank Transfer
2025-10-22,TXN00158,Nashik,Sales,Support,97561,87484,10077,Bank Transfer
2025-01-05,TXN00159,Mumbai,HR,Support,168354,141296,27058,Bank Transfer
2025-04-28,TXN00160,Pune,Marketing,Subscription,179138,145257,33881,Bank Transfer
2025-12-14,TXN00161,Pune,Sales,Software,192800,145830,46970,Bank Transfer
2025-08-14,TXN00162,Pune,Sales,Training,28746,20432,8314,Bank Transfer
2025-08-01,TXN00163,Aurangabad,Operations,Subscription,66042,35686,30356,Bank Transfer
2025-03-26,TXN00164,Nagpur,Operations,Training,87363,75247,12116,UPI
2025-08-28,TXN00165,Pune,Finance,Subscription,39739,20399,19340,Bank Transfer
2025-02-16,TXN00166,Aurangabad,Sales,Support,123435,56318,67117,Bank Transfer
2025-12-11,TXN00167,Nagpur,Operations,Software,196250,111464,84786,Card
2025-08-30,TXN00168,Aurangabad,Operations,Subscription,26560,19356,7204,Card
2025-11-28,TXN00169,Nagpur,Operations,Support,36571,26913,9658,UPI
2025-03-13,TXN00170,Nashik,Finance,Software,31887,27927,3960,UPI
2025-05-01,TXN00171,Nagpur,Operations,Subscription,160914,82234,78680,Cash
2025-10-28,TXN00172,Mumbai,Finance,Subscription,60507,51336,9171,Cash
2025-05-24,TXN00173,Pune,Finance,Support,28576,21735,6841,Card
2025-07-05,TXN00174,Nashik,HR,Training,46045,41045,5000,UPI
2025-07-23,TXN00175,Mumbai,Finance,Software,92320,49429,42891,Card
2025-11-25,TXN00176,Mumbai,Sales,Training,187639,134859,52780,Card
2025-03-06,TXN00177,Aurangabad,Marketing,Subscription,168000,91113,76887,Card
2025-04-30,TXN00178,Aurangabad,Sales,Training,106129,84740,21389,Card
2025-03-08,TXN00179,Pune,Sales,Software,161614,90955,70659,Card
2025-01-08,TXN00180,Pune,HR,Training,113911,91754,22157,UPI
2025-03-31,TXN00181,Nagpur,HR,Software,89564,42415,47149,UPI
2025-09-01,TXN00182,Aurangabad,HR,Software,137512,110024,27488,Cash
2025-09-15,TXN00183,Mumbai,HR,Training,78077,68351,9726,Cash
2025-11-26,TXN00184,Nagpur,Finance,Support,28165,13445,14720,UPI
2025-09-09,TXN00185,Mumbai,Operations,Subscription,136277,65831,70446,Card
2025-02-03,TXN00186,Aurangabad,HR,Training,53080,30455,22625,Cash
2025-11-02,TXN00187,Aurangabad,HR,Support,159082,92697,66385,UPI
2025-12-26,TXN00188,Aurangabad,Marketing,Support,49992,41681,8311,Cash
2025-04-27,TXN00189,Nagpur,Finance,Support,128478,77410,51068,UPI
2025-06-10,TXN00190,Nashik,Operations,Consulting,131873,77888,53985,Cash
2025-02-04,TXN00191,Mumbai,Finance,Software,43914,36198,7716,Bank Transfer
2025-03-08,TXN00192,Aurangabad,HR,Training,165849,79108,86741,UPI
2025-07-30,TXN00193,Nagpur,Sales,Training,112693,95014,17679,Bank Transfer
2025-06-30,TXN00194,Pune,Marketing,Support,47158,33485,13673,Card
2025-02-25,TXN00195,Nashik,Sales,Training,111780,92824,18956,Card
2025-08-08,TXN00196,Aurangabad,HR,Subscription,167053,148434,18619,UPI
2025-11-08,TXN00197,Nashik,Sales,Consulting,192446,158432,34014,Bank Transfer
2025-12-26,TXN00198,Nashik,Sales,Consulting,100998,87332,13666,Card
2025-10-17,TXN00199,Pune,Sales,Software,192318,121228,71090,Card
2025-07-12,TXN00200,Pune,Operations,Training,130056,85074,44982,Bank Transfer
2025-10-18,TXN00201,Mumbai,Marketing,Consulting,176296,86073,90223,UPI
2025-12-12,TXN00202,Nagpur,Finance,Subscription,41386,23691,17695,Cash
2025-08-01,TXN00203,Aurangabad,Sales,Training,91609,50110,41499,Cash
2025-02-26,TXN00204,Aurangabad,Finance,Subscription,94251,71178,23073,Bank Transfer
2025-01-24,TXN00205,Aurangabad,Sales,Software,77807,48852,28955,Card
2025-06-04,TXN00206,Nashik,Operations,Training,75373,59944,15429,UPI
2025-01-04,TXN00207,Pune,Marketing,Support,150386,118226,32160,Card
2025-09-14,TXN00208,Nashik,Sales,Support,166466,137336,29130,UPI
2025-08-12,TXN00209,Mumbai,Operations,Subscription,24912,16364,8548,Cash
2025-10-21,TXN00210,Nagpur,Operations,Software,126017,96941,29076,Cash
2025-01-11,TXN00211,Aurangabad,Finance,Training,105136,55442,49694,UPI
2025-08-12,TXN00212,Aurangabad,Finance,Subscription,47751,26716,21035,UPI
2025-07-22,TXN00213,Pune,Operations,Consulting,101336,79610,21726,UPI
2025-09-19,TXN00214,Aurangabad,Marketing,Training,185996,93242,92754,Bank Transfer
2025-11-27,TXN00215,Pune,Operations,Consulting,58716,32664,26052,Card
2025-11-05,TXN00216,Mumbai,Marketing,Support,60073,47583,12490,Cash
2025-10-16,TXN00217,Aurangabad,HR,Training,171904,112082,59822,Bank Transfer
2025-03-19,TXN00218,Nagpur,Operations,Training,135281,65033,70248,UPI
2025-06-30,TXN00219,Nagpur,Finance,Software,152995,73955,79040,UPI
2025-07-08,TXN00220,Mumbai,HR,Subscription,95255,46153,49102,Cash
2025-08-25,TXN00221,Mumbai,Finance,Subscription,172129,120394,51735,Card
2025-06-14,TXN00222,Pune,Sales,Support,178598,118594,60004,UPI
2025-06-25,TXN00223,Pune,Sales,Consulting,42106,28507,13599,Cash
2025-08-13,TXN00224,Pune,Operations,Training,157381,107843,49538,Bank Transfer
2025-07-18,TXN00225,Aurangabad,Sales,Training,127156,101535,25621,UPI
2025-06-18,TXN00226,Nagpur,Operations,Training,44774,31390,13384,Card
2025-06-20,TXN00227,Pune,Operations,Training,41365,29461,11904,Cash
2025-03-08,TXN00228,Mumbai,Operations,Subscription,175986,135328,40658,Cash
2025-11-26,TXN00229,Aurangabad,Sales,Support,106108,86577,19531,Bank Transfer
2025-01-10,TXN00230,Pune,Operations,Support,115052,67764,47288,Card
2025-04-26,TXN00231,Nashik,Sales,Subscription,56061,29136,26925,UPI
2025-12-05,TXN00232,Aurangabad,Marketing,Subscription,108280,91429,16851,Cash
2025-03-20,TXN00233,Aurangabad,Marketing,Support,62532,33228,29304,UPI
2025-07-30,TXN00234,Pune,Finance,Subscription,115498,87127,28371,Bank Transfer
2025-08-18,TXN00235,Nashik,Finance,Consulting,81342,56150,25192,Bank Transfer
2025-12-14,TXN00236,Nagpur,Operations,Support,169532,151391,18141,Cash
2025-03-24,TXN00237,Pune,Operations,Software,72349,58643,13706,Cash
2025-07-10,TXN00238,Aurangabad,Sales,Training,165369,143942,21427,UPI
2025-03-24,TXN00239,Aurangabad,Marketing,Support,91510,59682,31828,UPI
2025-04-24,TXN00240,Mumbai,Finance,Software,138260,117256,21004,Cash
2025-09-15,TXN00241,Mumbai,Operations,Consulting,118031,65637,52394,UPI
2025-06-13,TXN00242,Nashik,Marketing,Consulting,45974,38049,7925,UPI
2025-05-27,TXN00243,Pune,Finance,Support,143851,109791,34060,UPI
2025-02-10,TXN00244,Pune,HR,Subscription,24981,14118,10863,Cash
2025-02-26,TXN00245,Mumbai,Sales,Consulting,95524,53200,42324,Cash
2025-11-24,TXN00246,Mumbai,Finance,Subscription,183266,120167,63099,UPI
2025-11-20,TXN00247,Pune,Operations,Support,155102,109931,45171,UPI
2025-11-11,TXN00248,Nagpur,Marketing,Software,112488,62796,49692,Bank Transfer
2025-02-04,TXN00249,Aurangabad,HR,Software,157903,109716,48187,Cash
2025-08-29,TXN00250,Nashik,Operations,Software,31412,23120,8292,Bank Transfer
2025-02-04,TXN00251,Mumbai,HR,Training,110387,61651,48736,Card
2025-01-23,TXN00252,Pune,Finance,Support,112353,78164,34189,Card
2025-03-11,TXN00253,Nagpur,Sales,Training,36541,28217,8324,Card
2025-01-23,TXN00254,Nashik,Operations,Subscription,72289,61344,10945,Cash
2025-10-06,TXN00255,Pune,Operations,Training,144098,81270,62828,UPI
2025-12-02,TXN00256,Nashik,Finance,Support,107012,61312,45700,Cash
2025-07-17,TXN00257,Nagpur,Finance,Training,108876,96701,12175,Bank Transfer
2025-02-12,TXN00258,Aurangabad,Marketing,Subscription,131280,63738,67542,Bank Transfer
2025-06-14,TXN00259,Nashik,Operations,Support,46895,22792,24103,Cash
2025-03-27,TXN00260,Mumbai,Operations,Subscription,136367,82937,53430,Cash
2025-05-21,TXN00261,Mumbai,Sales,Support,187633,167183,20450,Bank Transfer
2025-09-20,TXN00262,Mumbai,Marketing,Subscription,198103,103408,94695,Cash
2025-01-18,TXN00263,Nashik,Operations,Support,53090,25496,27594,UPI
2025-11-06,TXN00264,Nashik,Operations,Support,60222,45502,14720,UPI
2025-10-21,TXN00265,Nagpur,Operations,Training,56095,38607,17488,Card
2025-02-28,TXN00266,Nagpur,HR,Support,26793,20926,5867,UPI
2025-05-15,TXN00267,Pune,HR,Training,88233,67658,20575,Cash
2025-04-13,TXN00268,Mumbai,Finance,Consulting,52148,26651,25497,Cash
2025-02-14,TXN00269,Nashik,Operations,Software,198763,175985,22778,Bank Transfer
2025-06-03,TXN00270,Pune,Operations,Subscription,61289,47211,14078,Card
2025-03-04,TXN00271,Pune,Finance,Software,72685,58615,14070,Bank Transfer
2025-10-11,TXN00272,Aurangabad,Marketing,Subscription,170019,104733,65286,UPI
2025-02-03,TXN00273,Nagpur,HR,Support,101078,63595,37483,Cash
2025-10-22,TXN00274,Nashik,Sales,Support,39333,19918,19415,Cash
2025-12-15,TXN00275,Aurangabad,HR,Consulting,155622,94156,61466,Card
2025-08-10,TXN00276,Mumbai,Sales,Subscription,151822,130539,21283,Card
2025-06-05,TXN00277,Pune,Operations,Subscription,63163,33026,30137,Bank Transfer
2025-02-10,TXN00278,Aurangabad,Operations,Consulting,85694,46132,39562,Bank Transfer
2025-11-11,TXN00279,Pune,HR,Subscription,159848,78652,81196,Card
2025-03-29,TXN00280,Aurangabad,Operations,Subscription,192682,140853,51829,UPI
2025-01-15,TXN00281,Aurangabad,Operations,Consulting,41292,19426,21866,Cash
2025-11-13,TXN00282,Aurangabad,Operations,Training,187507,86933,100574,Cash
2025-05-06,TXN00283,Nagpur,Sales,Software,199566,126273,73293,Card
2025-08-14,TXN00284,Pune,Operations,Subscription,128952,86128,42824,Card
2025-06-10,TXN00285,Nashik,Finance,Consulting,103706,80931,22775,Bank Transfer
2025-09-21,TXN00286,Pune,Finance,Software,167233,83245,83988,Bank Transfer
2025-08-19,TXN00287,Mumbai,Operations,Support,84990,43633,41357,Cash
2025-05-08,TXN00288,Aurangabad,Operations,Consulting,61864,50485,11379,Card
2025-09-13,TXN00289,Nashik,Finance,Software,154932,102265,52667,UPI
2025-07-21,TXN00290,Pune,Marketing,Subscription,152499,100001,52498,Bank Transfer
2025-01-25,TXN00291,Aurangabad,Finance,Training,33248,19171,14077,UPI
2025-02-25,TXN00292,Nashik,Operations,Support,132965,67848,65117,Bank Transfer
2025-01-24,TXN00293,Aurangabad,Marketing,Training,125010,59132,65878,Bank Transfer
2025-02-07,TXN00294,Aurangabad,Operations,Subscription,121279,82095,39184,UPI
2025-03-07,TXN00295,Nashik,HR,Training,45344,28442,16902,Card
2025-04-12,TXN00296,Aurangabad,Sales,Software,177932,120834,57098,UPI
2025-03-12,TXN00297,Aurangabad,Finance,Consulting,107304,87107,20197,Card
2025-06-17,TXN00298,Nagpur,HR,Training,180712,107223,73489,Bank Transfer
2025-09-17,TXN00299,Aurangabad,Operations,Support,153618,105927,47691,UPI
2025-07-08,TXN00300,Nagpur,HR,Training,106832,80467,26365,UPI
2025-11-02,TXN00301,Aurangabad,HR,Consulting,144410,82239,62171,UPI
2025-10-26,TXN00302,Aurangabad,Finance,Consulting,145946,76874,69072,Card
2025-01-17,TXN00303,Mumbai,Marketing,Software,170095,149120,20975,Cash
2025-06-10,TXN00304,Pune,Finance,Subscription,129780,67244,62536,Cash
2025-02-01,TXN00305,Aurangabad,Operations,Support,56197,38405,17792,Cash
2025-06-10,TXN00306,Aurangabad,Operations,Subscription,65398,42956,22442,Bank Transfer
2025-12-13,TXN00307,Nashik,HR,Support,198453,146753,51700,Card
2025-05-07,TXN00308,Pune,Operations,Training,93139,65303,27836,Card
2025-12-20,TXN00309,Nashik,HR,Training,148189,87826,60363,Bank Transfer
2025-03-04,TXN00310,Nagpur,Finance,Training,170333,128512,41821,Card
2025-05-29,TXN00311,Mumbai,Operations,Support,31027,17978,13049,Bank Transfer
2025-09-03,TXN00312,Aurangabad,Operations,Subscription,76095,41162,34933,Bank Transfer
2025-03-12,TXN00313,Aurangabad,Marketing,Consulting,48633,35358,13275,UPI
2025-12-09,TXN00314,Pune,Sales,Software,159209,87812,71397,Cash
2025-06-19,TXN00315,Pune,Sales,Subscription,143837,71234,72603,Card
2025-07-28,TXN00316,Nagpur,Finance,Consulting,191151,166447,24704,Bank Transfer
2025-06-14,TXN00317,Mumbai,HR,Consulting,94819,70228,24591,UPI
2025-03-31,TXN00318,Pune,Sales,Support,129546,109726,19820,Cash
2025-04-06,TXN00319,Mumbai,Operations,Subscription,95882,80975,14907,UPI
2025-06-21,TXN00320,Aurangabad,HR,Support,94596,61909,32687,Card
2025-09-16,TXN00321,Mumbai,Operations,Consulting,142688,81728,60960,Cash
2025-11-28,TXN00322,Mumbai,Operations,Training,87440,67623,19817,Card
2025-03-31,TXN00323,Nagpur,Finance,Subscription,180158,150479,29679,Bank Transfer
2025-02-14,TXN00324,Pune,Marketing,Support,125076,93952,31124,Bank Transfer
2025-05-08,TXN00325,Pune,Finance,Training,21790,12362,9428,Bank Transfer
2025-06-04,TXN00326,Mumbai,Operations,Training,172688,133884,38804,Card
2025-02-01,TXN00327,Nashik,Marketing,Support,195056,98152,96904,Bank Transfer
2025-12-20,TXN00328,Nashik,Operations,Subscription,50779,37445,13334,Card
2025-04-23,TXN00329,Nagpur,HR,Training,55014,36594,18420,Cash
2025-12-26,TXN00330,Aurangabad,Marketing,Consulting,163978,141145,22833,UPI
2025-09-27,TXN00331,Nashik,Sales,Subscription,137112,94288,42824,UPI
2025-02-01,TXN00332,Pune,HR,Subscription,163562,140058,23504,Card
2025-03-26,TXN00333,Nagpur,Sales,Consulting,106014,88470,17544,Cash
2025-02-16,TXN00334,Mumbai,Finance,Consulting,153791,100036,53755,Cash
2025-08-22,TXN00335,Nagpur,Operations,Software,167825,79881,87944,Cash
2025-05-11,TXN00336,Aurangabad,Sales,Software,20790,16332,4458,Cash
2025-06-26,TXN00337,Mumbai,Sales,Support,36714,25462,11252,UPI
2025-05-27,TXN00338,Pune,Finance,Training,127182,67532,59650,Cash
2025-08-18,TXN00339,Aurangabad,Marketing,Training,118958,73639,45319,UPI
2025-04-02,TXN00340,Pune,Marketing,Software,160839,100826,60013,UPI
2025-06-02,TXN00341,Aurangabad,Finance,Subscription,141373,106464,34909,Cash
2025-04-28,TXN00342,Pune,Operations,Consulting,84883,55792,29091,UPI
2025-01-17,TXN00343,Mumbai,Marketing,Consulting,193066,123303,69763,UPI
2025-02-21,TXN00344,Aurangabad,Sales,Consulting,175698,81718,93980,UPI
2025-07-25,TXN00345,Pune,Sales,Consulting,135071,75025,60046,Bank Transfer
2025-04-30,TXN00346,Aurangabad,Operations,Consulting,171023,101503,69520,Bank Transfer
2025-03-15,TXN00347,Nagpur,Operations,Training,193070,132168,60902,UPI
2025-10-13,TXN00348,Pune,Finance,Subscription,175101,148112,26989,Cash
2025-01-25,TXN00349,Nagpur,HR,Training,110286,96358,13928,Cash
2025-07-29,TXN00350,Pune,HR,Support,59116,34579,24537,Card
2025-04-26,TXN00351,Pune,Finance,Software,98836,82616,16220,Cash
2025-08-02,TXN00352,Nagpur,Marketing,Training,166089,114351,51738,Card
2025-06-19,TXN00353,Nagpur,Operations,Software,189530,92032,97498,Card
2025-01-27,TXN00354,Aurangabad,HR,Software,90375,56007,34368,UPI
2025-04-07,TXN00355,Aurangabad,Marketing,Support,174031,135037,38994,Card
2025-06-20,TXN00356,Mumbai,Marketing,Consulting,99478,87606,11872,UPI
2025-09-03,TXN00357,Pune,Finance,Consulting,83594,63784,19810,Bank Transfer
2025-05-25,TXN00358,Nashik,Operations,Training,119788,79037,40751,Bank Transfer
2025-09-20,TXN00359,Nagpur,Operations,Consulting,150358,99191,51167,Bank Transfer
2025-06-10,TXN00360,Pune,Marketing,Software,128509,60472,68037,Bank Transfer
2025-10-11,TXN00361,Nagpur,Operations,Consulting,173100,123007,50093,Card
2025-06-18,TXN00362,Pune,Finance,Subscription,80298,49859,30439,Bank Transfer
2025-05-12,TXN00363,Nagpur,Finance,Consulting,148089,131048,17041,Bank Transfer
2025-03-28,TXN00364,Nagpur,Marketing,Subscription,56689,43885,12804,UPI
2025-09-26,TXN00365,Mumbai,Sales,Software,28866,23888,4978,Cash
2025-03-12,TXN00366,Pune,Sales,Consulting,185334,102701,82633,Cash
2025-07-11,TXN00367,Aurangabad,Finance,Support,35846,26096,9750,UPI
2025-01-04,TXN00368,Mumbai,Sales,Subscription,159516,111380,48136,Bank Transfer
2025-10-02,TXN00369,Nagpur,Marketing,Software,95153,43552,51601,UPI
2025-09-26,TXN00370,Aurangabad,HR,Training,59032,32965,26067,Bank Transfer
2025-05-17,TXN00371,Nagpur,Finance,Subscription,124044,60230,63814,Card
2025-12-23,TXN00372,Mumbai,Sales,Software,79207,46335,32872,Cash
2025-07-14,TXN00373,Mumbai,Sales,Consulting,118872,83057,35815,UPI
2025-09-13,TXN00374,Nashik,HR,Software,133746,98999,34747,UPI
2025-04-28,TXN00375,Aurangabad,Finance,Training,75421,64528,10893,UPI
2025-02-08,TXN00376,Aurangabad,HR,Software,199418,172798,26620,Card
2025-06-11,TXN00377,Aurangabad,Marketing,Support,24104,21275,2829,UPI
2025-06-03,TXN00378,Aurangabad,Finance,Subscription,62585,44046,18539,Bank Transfer
2025-07-16,TXN00379,Mumbai,HR,Training,56687,45674,11013,UPI
2025-02-20,TXN00380,Mumbai,Operations,Subscription,134580,74619,59961,Cash
2025-06-17,TXN00381,Nagpur,Finance,Consulting,27766,20417,7349,Bank Transfer
2025-10-11,TXN00382,Aurangabad,Finance,Software,118415,76298,42117,Bank Transfer
2025-05-07,TXN00383,Pune,Finance,Consulting,39269,19120,20149,Cash
2025-06-12,TXN00384,Mumbai,Operations,Support,114555,57042,57513,Bank Transfer
2025-05-19,TXN00385,Pune,Finance,Support,46799,23850,22949,Cash
2025-02-22,TXN00386,Aurangabad,Sales,Subscription,26884,13181,13703,Bank Transfer
2025-07-17,TXN00387,Nagpur,Sales,Subscription,23235,13507,9728,Card
2025-10-20,TXN00388,Nagpur,Marketing,Consulting,156604,82422,74182,Bank Transfer
2025-06-04,TXN00389,Mumbai,Marketing,Support,90361,60714,29647,Bank Transfer
2025-08-04,TXN00390,Mumbai,Operations,Training,98578,65840,32738,Card
2025-11-17,TXN00391,Pune,Finance,Software,149971,107561,42410,Card
2025-06-05,TXN00392,Nashik,HR,Support,21774,19095,2679,Bank Transfer
2025-08-14,TXN00393,Aurangabad,Marketing,Training,107749,69366,38383,Bank Transfer
2025-11-05,TXN00394,Pune,Finance,Training,72652,48353,24299,Bank Transfer
2025-12-22,TXN00395,Aurangabad,Marketing,Training,185911,124737,61174,Cash
2025-05-24,TXN00396,Aurangabad,Marketing,Subscription,123005,75556,47449,Card
2025-12-16,TXN00397,Nagpur,Marketing,Support,164205,75881,88324,Bank Transfer
2025-12-21,TXN00398,Nagpur,Finance,Consulting,38129,31209,6920,Bank Transfer
2025-05-04,TXN00399,Nagpur,Finance,Software,86238,64367,21871,Cash
2025-11-03,TXN00400,Aurangabad,HR,Support,145628,103688,41940,UPI
2025-07-04,TXN00401,Mumbai,Sales,Consulting,160746,115290,45456,Bank Transfer
2025-03-27,TXN00402,Aurangabad,Finance,Training,189607,137598,52009,Cash
2025-02-24,TXN00403,Pune,HR,Subscription,22765,11254,11511,Card
2025-08-17,TXN00404,Aurangabad,HR,Consulting,118073,73914,44159,Bank Transfer
2025-01-13,TXN00405,Nagpur,Sales,Software,146555,72844,73711,Card
2025-06-28,TXN00406,Pune,HR,Support,101760,61501,40259,Bank Transfer
2025-09-01,TXN00407,Nagpur,Operations,Software,45591,29505,16086,Bank Transfer
2025-01-23,TXN00408,Nashik,Sales,Consulting,50168,23085,27083,Card
2025-09-22,TXN00409,Nashik,HR,Support,65731,45903,19828,Cash
2025-04-29,TXN00410,Pune,Finance,Support,126180,92539,33641,UPI
2025-11-11,TXN00411,Nagpur,Finance,Software,71727,46788,24939,Card
2025-04-16,TXN00412,Mumbai,HR,Software,92966,73308,19658,Card
2025-07-07,TXN00413,Mumbai,Operations,Support,105454,56806,48648,Bank Transfer
2025-11-02,TXN00414,Aurangabad,Sales,Training,121879,88373,33506,Bank Transfer
2025-08-23,TXN00415,Nashik,HR,Subscription,181837,95943,85894,UPI
2025-12-11,TXN00416,Pune,Operations,Software,55113,32568,22545,Card
2025-07-11,TXN00417,Nagpur,HR,Consulting,57056,38790,18266,Cash
2025-08-05,TXN00418,Aurangabad,Marketing,Subscription,68694,45956,22738,Card
2025-09-08,TXN00419,Nashik,Finance,Subscription,95716,49115,46601,UPI
2025-07-03,TXN00420,Pune,Finance,Subscription,22512,15039,7473,Cash
2025-07-29,TXN00421,Nagpur,Finance,Consulting,199489,133912,65577,UPI
2025-10-17,TXN00422,Pune,Operations,Software,28089,22700,5389,Bank Transfer
2025-04-26,TXN00423,Nagpur,HR,Support,160930,93323,67607,UPI
2025-10-21,TXN00424,Aurangabad,Operations,Subscription,49938,28492,21446,UPI
2025-08-14,TXN00425,Nagpur,Sales,Consulting,163223,89502,73721,Bank Transfer
2025-01-17,TXN00426,Mumbai,Finance,Software,137894,78360,59534,Card
2025-04-18,TXN00427,Aurangabad,Finance,Consulting,174120,132350,41770,Card
2025-04-16,TXN00428,Aurangabad,Operations,Subscription,74248,60322,13926,Bank Transfer
2025-11-02,TXN00429,Nashik,Operations,Subscription,161234,84771,76463,Bank Transfer
2025-09-21,TXN00430,Pune,Finance,Software,198074,161793,36281,Bank Transfer
2025-12-02,TXN00431,Pune,Marketing,Consulting,53262,40779,12483,Bank Transfer
2025-05-07,TXN00432,Pune,HR,Training,197270,123632,73638,Cash
2025-07-12,TXN00433,Mumbai,Finance,Subscription,138486,67024,71462,Bank Transfer
2025-12-22,TXN00434,Nagpur,Operations,Subscription,116749,76425,40324,UPI
2025-02-17,TXN00435,Nashik,Sales,Subscription,140179,103126,37053,Cash
2025-04-22,TXN00436,Nagpur,Operations,Training,132628,108911,23717,Bank Transfer
2025-06-22,TXN00437,Aurangabad,Finance,Training,163474,116078,47396,UPI
2025-01-24,TXN00438,Nagpur,Sales,Software,46102,33736,12366,Card
2025-08-14,TXN00439,Nagpur,Marketing,Consulting,139673,62895,76778,Bank Transfer
2025-03-23,TXN00440,Nashik,Operations,Software,91832,45181,46651,Bank Transfer
2025-12-07,TXN00441,Nagpur,Operations,Consulting,190108,99709,90399,Cash
2025-12-02,TXN00442,Mumbai,Marketing,Support,43907,33661,10246,UPI
2025-03-09,TXN00443,Nagpur,Sales,Software,175629,96909,78720,Bank Transfer
2025-03-03,TXN00444,Nagpur,Sales,Consulting,130707,99639,31068,Cash
2025-02-15,TXN00445,Nashik,Operations,Consulting,46850,23258,23592,Cash
2025-03-10,TXN00446,Pune,Sales,Subscription,188185,168768,19417,UPI
2025-11-09,TXN00447,Nashik,Marketing,Consulting,190398,99740,90658,Cash
2025-11-12,TXN00448,Pune,Sales,Software,199979,129800,70179,Card
2025-03-05,TXN00449,Nashik,Finance,Training,174553,135890,38663,Card
2025-05-07,TXN00450,Pune,HR,Subscription,92605,68535,24070,Bank Transfer
2025-12-20,TXN00451,Nashik,Marketing,Subscription,27031,22477,4554,Card
2025-07-20,TXN00452,Pune,Finance,Support,97474,72206,25268,UPI
2025-05-04,TXN00453,Mumbai,HR,Software,150962,111279,39683,Bank Transfer
2025-06-12,TXN00454,Aurangabad,Finance,Training,54598,34073,20525,Card
2025-08-30,TXN00455,Mumbai,Sales,Training,39134,17904,21230,Card
2025-01-21,TXN00456,Nagpur,HR,Training,35851,31437,4414,Cash
2025-08-05,TXN00457,Aurangabad,HR,Subscription,125454,61107,64347,Card
2025-05-23,TXN00458,Aurangabad,Marketing,Consulting,41914,24706,17208,Bank Transfer
2025-07-20,TXN00459,Mumbai,Operations,Support,173730,127766,45964,Card
2025-01-30,TXN00460,Nagpur,Sales,Support,84088,41101,42987,UPI
2025-06-08,TXN00461,Pune,Sales,Software,194608,152526,42082,Card
2025-12-26,TXN00462,Nashik,HR,Subscription,22975,12032,10943,Bank Transfer
2025-03-27,TXN00463,Nashik,Sales,Software,117483,59577,57906,Bank Transfer
2025-08-08,TXN00464,Nashik,HR,Software,91298,62606,28692,Cash
2025-08-22,TXN00465,Nagpur,HR,Consulting,153898,94194,59704,Bank Transfer
2025-03-22,TXN00466,Aurangabad,Sales,Consulting,86877,69327,17550,UPI
2025-01-23,TXN00467,Nagpur,Operations,Support,23221,13004,10217,Card
2025-04-02,TXN00468,Nagpur,Marketing,Training,29270,20453,8817,Card
2025-08-02,TXN00469,Mumbai,HR,Training,103869,59419,44450,UPI
2025-09-15,TXN00470,Pune,Marketing,Subscription,196508,168185,28323,UPI
2025-07-25,TXN00471,Nashik,Operations,Training,38068,32153,5915,UPI
2025-10-11,TXN00472,Pune,Operations,Subscription,139733,63380,76353,Bank Transfer
2025-11-15,TXN00473,Aurangabad,Finance,Consulting,83591,55066,28525,Card
2025-03-19,TXN00474,Mumbai,Marketing,Subscription,21671,18844,2827,Bank Transfer
2025-11-22,TXN00475,Mumbai,Finance,Training,22515,19766,2749,UPI
2025-04-16,TXN00476,Nagpur,Finance,Software,158887,141791,17096,Card
2025-12-31,TXN00477,Pune,HR,Support,93354,45917,47437,Bank Transfer
2025-08-23,TXN00478,Aurangabad,Marketing,Support,42256,30058,12198,UPI
2025-10-31,TXN00479,Pune,Marketing,Training,168850,80714,88136,Bank Transfer
2025-06-11,TXN00480,Nashik,Operations,Support,123010,94142,28868,Bank Transfer
2025-04-30,TXN00481,Pune,HR,Software,39578,34614,4964,Card
2025-02-24,TXN00482,Nashik,Finance,Software,63089,41153,21936,Bank Transfer
2025-04-17,TXN00483,Nashik,Sales,Software,138467,81520,56947,Card
2025-12-18,TXN00484,Aurangabad,Sales,Consulting,99748,81980,17768,Bank Transfer
2025-03-17,TXN00485,Nashik,Finance,Subscription,43910,33811,10099,UPI
2025-12-13,TXN00486,Pune,Sales,Support,98339,55765,42574,Cash
2025-10-12,TXN00487,Nagpur,Sales,Consulting,164210,92357,71853,UPI
2025-01-07,TXN00488,Pune,Marketing,Consulting,36166,29788,6378,Cash
2025-07-10,TXN00489,Mumbai,HR,Subscription,199905,146657,53248,Bank Transfer
2025-02-08,TXN00490,Pune,Finance,Consulting,25714,23109,2605,UPI
2025-06-19,TXN00491,Nagpur,Sales,Consulting,52119,24454,27665,Cash
2025-07-22,TXN00492,Nagpur,Marketing,Training,150056,69515,80541,Card
2025-04-06,TXN00493,Pune,Sales,Subscription,92084,53034,39050,Card
2025-11-28,TXN00494,Aurangabad,Finance,Software,97360,65669,31691,UPI
2025-05-24,TXN00495,Pune,HR,Consulting,120405,61618,58787,UPI
2025-07-15,TXN00496,Nagpur,Operations,Subscription,114139,76000,38139,Bank Transfer
2025-07-18,TXN00497,Nashik,HR,Consulting,90893,48256,42637,UPI
2025-05-24,TXN00498,Nagpur,HR,Training,35359,28778,6581,Card
2025-03-23,TXN00499,Pune,Operations,Subscription,46249,25970,20279,UPI
2025-04-23,TXN00500,Nagpur,Operations,Consulting,170914,142017,28897,Card
2025-05-02,TXN00501,Nashik,HR,Software,175325,103985,71340,Bank Transfer
2025-10-18,TXN00502,Pune,Finance,Subscription,167746,86212,81534,Bank Transfer
2025-03-31,TXN00503,Mumbai,Marketing,Subscription,148564,69391,79173,Card
2025-01-11,TXN00504,Nashik,HR,Consulting,158005,105088,52917,Card
2025-06-24,TXN00505,Nashik,Sales,Software,66520,57436,9084,Card
2025-10-28,TXN00506,Aurangabad,Operations,Software,57133,45618,11515,Bank Transfer
2025-12-27,TXN00507,Mumbai,Operations,Training,193575,121568,72007,Bank Transfer
2025-03-11,TXN00508,Nagpur,Finance,Training,61288,47777,13511,Card
2025-12-29,TXN00509,Aurangabad,Operations,Consulting,167318,127513,39805,Card
2025-07-13,TXN00510,Nashik,Marketing,Consulting,100431,78366,22065,UPI
2025-12-26,TXN00511,Aurangabad,Sales,Consulting,170165,106560,63605,Bank Transfer
2025-11-10,TXN00512,Mumbai,Finance,Consulting,77906,57482,20424,Bank Transfer
2025-02-09,TXN00513,Nashik,Marketing,Software,82389,49933,32456,Bank Transfer
2025-08-17,TXN00514,Pune,Sales,Training,22987,13087,9900,Bank Transfer
2025-02-25,TXN00515,Nagpur,Finance,Consulting,20335,9591,10744,Cash
2025-09-10,TXN00516,Nagpur,Sales,Support,119277,72526,46751,Card
2025-03-25,TXN00517,Mumbai,Operations,Software,138302,66823,71479,Bank Transfer
2025-05-14,TXN00518,Pune,Finance,Consulting,47453,22938,24515,UPI
2025-10-08,TXN00519,Aurangabad,Finance,Software,44406,26735,17671,Cash
2025-12-01,TXN00520,Nagpur,Marketing,Software,63253,45750,17503,UPI
2025-06-19,TXN00521,Nagpur,HR,Subscription,73883,65643,8240,Bank Transfer
2025-12-05,TXN00522,Mumbai,Sales,Support,93799,54762,39037,Cash
2025-03-20,TXN00523,Nagpur,Sales,Training,34288,20997,13291,Cash
2025-04-13,TXN00524,Pune,Operations,Software,45424,20966,24458,Cash
2025-03-01,TXN00525,Nagpur,Finance,Training,100832,80987,19845,UPI
2025-11-25,TXN00526,Nashik,Finance,Training,162639,101549,61090,Card
2025-08-17,TXN00527,Nagpur,Operations,Consulting,31696,18018,13678,Bank Transfer
2025-10-16,TXN00528,Mumbai,Sales,Training,36158,18730,17428,Cash
2025-10-29,TXN00529,Nagpur,HR,Support,79641,55678,23963,Cash
2025-10-21,TXN00530,Mumbai,Finance,Software,81772,54322,27450,Card
2025-03-03,TXN00531,Pune,Marketing,Consulting,137713,72684,65029,Card
2025-01-22,TXN00532,Nagpur,Marketing,Consulting,130985,63562,67423,Bank Transfer
2025-06-13,TXN00533,Aurangabad,Finance,Subscription,37566,18375,19191,Bank Transfer
2025-05-22,TXN00534,Mumbai,HR,Subscription,156233,102515,53718,Cash
2025-02-27,TXN00535,Aurangabad,HR,Subscription,128643,66552,62091,UPI
2025-02-24,TXN00536,Nashik,HR,Training,167504,134136,33368,Cash
2025-05-16,TXN00537,Aurangabad,HR,Support,120412,89665,30747,UPI
2025-03-30,TXN00538,Aurangabad,HR,Support,92198,58208,33990,UPI
2025-07-22,TXN00539,Mumbai,Finance,Training,106899,81321,25578,Bank Transfer
2025-01-11,TXN00540,Nashik,Operations,Training,108569,88790,19779,Cash
2025-12-23,TXN00541,Pune,Marketing,Training,199529,98606,100923,Cash
2025-06-14,TXN00542,Aurangabad,Sales,Consulting,90626,70503,20123,Cash
2025-04-19,TXN00543,Aurangabad,Operations,Software,126737,99288,27449,Card
2025-02-03,TXN00544,Nagpur,Marketing,Subscription,101559,78129,23430,UPI
2025-03-30,TXN00545,Pune,Sales,Consulting,70531,59516,11015,UPI
2025-08-22,TXN00546,Pune,Operations,Training,33253,28701,4552,Cash
2025-09-16,TXN00547,Mumbai,Sales,Consulting,124056,91297,32759,Bank Transfer
2025-09-08,TXN00548,Nagpur,HR,Subscription,175724,114351,61373,Bank Transfer
2025-06-26,TXN00549,Nashik,Sales,Training,62864,51985,10879,UPI
2025-07-17,TXN00550,Aurangabad,Marketing,Consulting,33015,17277,15738,Card
2025-12-13,TXN00551,Nagpur,HR,Software,74193,42370,31823,UPI
2025-08-31,TXN00552,Aurangabad,Sales,Consulting,54685,40538,14147,Bank Transfer
2025-11-08,TXN00553,Nashik,Finance,Support,100074,77130,22944,Bank Transfer
2025-08-24,TXN00554,Nashik,HR,Subscription,86059,47177,38882,Cash
2025-10-27,TXN00555,Nashik,HR,Subscription,46820,21223,25597,Bank Transfer
2025-06-02,TXN00556,Mumbai,Operations,Training,199414,99437,99977,Bank Transfer
2025-05-22,TXN00557,Nashik,Marketing,Consulting,88458,65923,22535,Card
2025-01-30,TXN00558,Nashik,Marketing,Software,177295,112022,65273,Cash
2025-06-01,TXN00559,Nagpur,Finance,Software,88007,75519,12488,Card
2025-06-25,TXN00560,Nagpur,Operations,Subscription,78291,59410,18881,Bank Transfer
2025-03-29,TXN00561,Pune,Operations,Software,192389,162457,29932,Cash
2025-03-07,TXN00562,Aurangabad,Marketing,Training,87804,68165,19639,UPI
2025-04-24,TXN00563,Nashik,Finance,Training,113135,62280,50855,Bank Transfer
2025-05-14,TXN00564,Mumbai,Finance,Software,173503,101034,72469,UPI
2025-08-30,TXN00565,Nagpur,HR,Training,70998,47938,23060,Cash
2025-01-28,TXN00566,Pune,Operations,Support,59525,30465,29060,Cash
2025-03-15,TXN00567,Pune,Sales,Support,102938,86269,16669,Bank Transfer
2025-11-20,TXN00568,Mumbai,Sales,Support,66353,39217,27136,Bank Transfer
2025-04-18,TXN00569,Pune,Finance,Software,64198,45537,18661,Card
2025-11-11,TXN00570,Nagpur,Finance,Support,133694,98274,35420,Cash
2025-01-03,TXN00571,Nashik,Sales,Training,29889,20629,9260,Card
2025-01-10,TXN00572,Pune,Marketing,Training,197405,89198,108207,Bank Transfer
2025-03-08,TXN00573,Aurangabad,Operations,Consulting,46924,29214,17710,UPI
2025-01-24,TXN00574,Nagpur,HR,Subscription,98171,86077,12094,Bank Transfer
2025-08-11,TXN00575,Nagpur,Operations,Consulting,55072,33276,21796,Card
2025-07-26,TXN00576,Pune,Marketing,Software,25013,13826,11187,Card
2025-03-05,TXN00577,Mumbai,Finance,Training,116099,89396,26703,UPI
2025-11-01,TXN00578,Mumbai,Sales,Software,32572,24360,8212,Cash
2025-08-16,TXN00579,Nashik,Finance,Consulting,119681,60512,59169,Card
2025-12-22,TXN00580,Nashik,Finance,Software,199762,146553,53209,Bank Transfer
2025-11-15,TXN00581,Nagpur,Sales,Subscription,178763,136812,41951,UPI
2025-05-25,TXN00582,Nagpur,Marketing,Subscription,49887,40066,9821,Card
2025-05-15,TXN00583,Nashik,Finance,Training,157139,139524,17615,Card
2025-01-21,TXN00584,Pune,Finance,Training,163691,110222,53469,Card
2025-01-02,TXN00585,Mumbai,HR,Support,23342,17558,5784,Card
2025-02-16,TXN00586,Mumbai,Operations,Consulting,154140,74568,79572,Cash
2025-06-01,TXN00587,Mumbai,Marketing,Software,89238,58801,30437,Bank Transfer
2025-07-04,TXN00588,Mumbai,Sales,Software,197410,116613,80797,UPI
2025-03-12,TXN00589,Nashik,Operations,Support,193894,143721,50173,Bank Transfer
2025-02-17,TXN00590,Pune,Sales,Support,117680,96113,21567,Cash
2025-08-22,TXN00591,Nagpur,Finance,Consulting,91259,75386,15873,UPI
2025-03-09,TXN00592,Pune,Sales,Support,35373,31542,3831,Cash
2025-10-19,TXN00593,Aurangabad,Finance,Training,197836,128034,69802,UPI
2025-12-17,TXN00594,Nagpur,Sales,Support,54250,36205,18045,Cash
2025-01-24,TXN00595,Nashik,Sales,Subscription,36603,20780,15823,Card
2025-12-09,TXN00596,Aurangabad,Sales,Support,108683,74295,34388,Card
2025-09-04,TXN00597,Nagpur,Marketing,Subscription,110636,82829,27807,UPI
2025-01-06,TXN00598,Aurangabad,Finance,Support,188663,164224,24439,Card
2025-02-08,TXN00599,Nashik,Operations,Software,148882,88478,60404,Card
2025-10-09,TXN00600,Pune,Sales,Support,188641,117030,71611,Cash
2025-10-21,TXN00601,Nagpur,Finance,Training,137466,67304,70162,UPI
2025-09-12,TXN00602,Nagpur,Finance,Software,191277,87604,103673,UPI
2025-02-16,TXN00603,Nashik,HR,Subscription,178388,157592,20796,Card
2025-12-02,TXN00604,Nashik,Operations,Software,196022,128451,67571,Card
2025-08-21,TXN00605,Aurangabad,HR,Support,107024,75138,31886,Bank Transfer
2025-08-20,TXN00606,Pune,Sales,Training,49890,24638,25252,Bank Transfer
2025-11-21,TXN00607,Nashik,Sales,Software,96541,67237,29304,Card
2025-09-10,TXN00608,Nagpur,Sales,Training,56817,46580,10237,Card
2025-04-07,TXN00609,Nagpur,Marketing,Support,51652,44864,6788,Card
2025-06-23,TXN00610,Mumbai,HR,Software,48250,38152,10098,Cash
2025-08-23,TXN00611,Aurangabad,Marketing,Support,192610,137753,54857,UPI
2025-09-29,TXN00612,Nagpur,HR,Support,32732,22878,9854,Card
2025-12-21,TXN00613,Pune,Sales,Support,171664,90663,81001,Bank Transfer
2025-09-16,TXN00614,Aurangabad,Marketing,Training,120837,77142,43695,Cash
2025-06-25,TXN00615,Pune,Marketing,Support,97115,63491,33624,Bank Transfer
2025-12-26,TXN00616,Aurangabad,Marketing,Consulting,163604,136988,26616,Card
2025-11-16,TXN00617,Pune,Marketing,Subscription,96173,72992,23181,Bank Transfer
2025-12-30,TXN00618,Aurangabad,Finance,Subscription,50252,39817,10435,Cash
2025-12-12,TXN00619,Nagpur,Sales,Subscription,159959,92563,67396,UPI
2025-01-13,TXN00620,Mumbai,Marketing,Training,119842,61766,58076,Card
2025-05-27,TXN00621,Mumbai,Operations,Consulting,199146,112069,87077,UPI
2025-07-03,TXN00622,Aurangabad,Marketing,Subscription,138644,68783,69861,Cash
2025-05-02,TXN00623,Nashik,Sales,Support,153935,123600,30335,Cash
2025-08-02,TXN00624,Aurangabad,Sales,Software,199607,117906,81701,Bank Transfer
2025-04-14,TXN00625,Nagpur,Marketing,Training,182676,153627,29049,Card
2025-04-10,TXN00626,Mumbai,Marketing,Consulting,97116,63316,33800,UPI
2025-07-13,TXN00627,Aurangabad,Operations,Consulting,30652,19703,10949,Card
2025-10-27,TXN00628,Nagpur,Marketing,Software,86850,39303,47547,Card
2025-06-15,TXN00629,Aurangabad,Operations,Support,176468,83449,93019,Bank Transfer
2025-02-07,TXN00630,Pune,HR,Software,103324,70924,32400,Card
2025-08-01,TXN00631,Mumbai,Operations,Consulting,162365,112302,50063,Card
2025-12-06,TXN00632,Nashik,Marketing,Subscription,107001,64091,42910,Cash
2025-10-15,TXN00633,Nashik,Finance,Consulting,190210,86348,103862,Card
2025-01-21,TXN00634,Nagpur,Sales,Support,198926,168798,30128,Bank Transfer
2025-10-04,TXN00635,Aurangabad,Operations,Subscription,94141,43410,50731,Cash
2025-09-07,TXN00636,Pune,Operations,Subscription,31495,18374,13121,UPI
2025-02-19,TXN00637,Aurangabad,HR,Software,63881,56677,7204,UPI
2025-04-18,TXN00638,Pune,Finance,Software,195724,143520,52204,Card
2025-10-03,TXN00639,Mumbai,Marketing,Software,134094,99357,34737,Cash
2025-06-19,TXN00640,Mumbai,Marketing,Training,29931,14647,15284,UPI
2025-10-22,TXN00641,Nagpur,Finance,Support,79675,68516,11159,Cash
2025-08-10,TXN00642,Mumbai,HR,Software,102943,47106,55837,UPI
2025-10-27,TXN00643,Mumbai,Operations,Subscription,31931,24439,7492,UPI
2025-05-29,TXN00644,Mumbai,Operations,Support,199798,117003,82795,Cash
2025-07-22,TXN00645,Pune,HR,Consulting,193204,89621,103583,Card
2025-07-20,TXN00646,Pune,Operations,Training,163058,95020,68038,UPI
2025-10-11,TXN00647,Mumbai,Sales,Subscription,165508,85007,80501,Cash
2025-10-03,TXN00648,Nashik,Marketing,Training,163530,143275,20255,Card
2025-07-31,TXN00649,Pune,Marketing,Consulting,189327,157739,31588,Card
2025-11-12,TXN00650,Pune,HR,Software,86254,46356,39898,Cash
2025-11-27,TXN00651,Mumbai,Operations,Software,164091,79242,84849,Card
2025-10-25,TXN00652,Nashik,Marketing,Consulting,147714,129721,17993,UPI
2025-05-26,TXN00653,Pune,Operations,Support,182402,87810,94592,Cash
2025-06-18,TXN00654,Aurangabad,Marketing,Subscription,181570,135585,45985,Bank Transfer
2025-06-11,TXN00655,Nashik,Marketing,Consulting,132278,69563,62715,Cash
2025-05-22,TXN00656,Nashik,Finance,Support,114237,58310,55927,Cash
2025-07-03,TXN00657,Mumbai,Marketing,Subscription,100077,66965,33112,UPI
2025-05-24,TXN00658,Pune,Operations,Software,56700,48256,8444,UPI
2025-01-10,TXN00659,Aurangabad,HR,Support,152953,112302,40651,Card
2025-01-19,TXN00660,Aurangabad,Finance,Consulting,164597,93372,71225,Bank Transfer
2025-07-20,TXN00661,Aurangabad,Operations,Consulting,78538,66847,11691,Cash
2025-09-14,TXN00662,Nashik,HR,Software,153801,75477,78324,Card
2025-11-11,TXN00663,Aurangabad,Marketing,Support,199348,104583,94765,Card
2025-04-02,TXN00664,Pune,Finance,Training,168467,147732,20735,UPI
2025-04-23,TXN00665,Nashik,Operations,Consulting,147832,81941,65891,UPI
2025-12-09,TXN00666,Nashik,Finance,Support,74204,50684,23520,Cash
2025-01-24,TXN00667,Nashik,Sales,Subscription,30460,27147,3313,Bank Transfer
2025-05-15,TXN00668,Pune,Finance,Support,171684,119313,52371,Bank Transfer
2025-10-28,TXN00669,Mumbai,HR,Training,191268,163381,27887,Cash
2025-04-25,TXN00670,Nashik,Finance,Support,155363,98287,57076,UPI
2025-09-14,TXN00671,Pune,Sales,Subscription,56429,36563,19866,Bank Transfer
2025-04-19,TXN00672,Nashik,HR,Software,59384,31717,27667,Card
2025-08-01,TXN00673,Nagpur,Finance,Support,106566,82494,24072,Card
2025-10-30,TXN00674,Nagpur,Sales,Consulting,62269,46157,16112,UPI
2025-03-07,TXN00675,Pune,HR,Software,170336,122055,48281,Card
2025-01-29,TXN00676,Pune,HR,Support,63605,36014,27591,UPI
2025-12-05,TXN00677,Pune,Finance,Subscription,94305,82636,11669,Cash
2025-09-04,TXN00678,Nagpur,HR,Consulting,64713,35508,29205,Card
2025-11-16,TXN00679,Pune,Operations,Support,192922,131160,61762,UPI
2025-04-28,TXN00680,Mumbai,Sales,Consulting,119145,74281,44864,Cash
2025-03-18,TXN00681,Nagpur,HR,Subscription,178731,88174,90557,UPI
2025-09-30,TXN00682,Mumbai,Finance,Consulting,151944,119818,32126,UPI
2025-12-14,TXN00683,Nagpur,Operations,Software,190192,122516,67676,Cash
2025-04-28,TXN00684,Nagpur,Operations,Subscription,146385,117883,28502,UPI
2025-08-06,TXN00685,Pune,Sales,Training,55096,31103,23993,Cash
2025-05-12,TXN00686,Mumbai,HR,Subscription,69550,31468,38082,UPI
2025-09-24,TXN00687,Pune,Operations,Support,21885,13541,8344,Bank Transfer
2025-02-24,TXN00688,Aurangabad,Operations,Training,60574,38872,21702,Cash
2025-10-17,TXN00689,Nagpur,Marketing,Support,115851,84032,31819,Cash
2025-04-02,TXN00690,Nagpur,Operations,Training,117049,82120,34929,Bank Transfer
2025-12-28,TXN00691,Mumbai,Marketing,Support,124367,97143,27224,Card
2025-02-21,TXN00692,Nashik,HR,Subscription,76218,51733,24485,UPI
2025-03-24,TXN00693,Mumbai,Sales,Consulting,122001,107855,14146,Cash
2025-11-04,TXN00694,Nashik,Marketing,Training,134131,65679,68452,UPI
2025-11-08,TXN00695,Nagpur,HR,Subscription,29897,23200,6697,Bank Transfer
2025-12-31,TXN00696,Pune,Finance,Support,176623,84047,92576,UPI
2025-04-14,TXN00697,Aurangabad,Operations,Consulting,192198,166989,25209,UPI
2025-11-03,TXN00698,Pune,HR,Consulting,153837,104934,48903,UPI
2025-07-04,TXN00699,Pune,Sales,Training,82719,61605,21114,Cash
2025-06-30,TXN00700,Aurangabad,Marketing,Subscription,195547,122767,72780,UPI
2025-12-27,TXN00701,Aurangabad,Operations,Subscription,37987,32806,5181,Bank Transfer
2025-06-27,TXN00702,Pune,Finance,Support,92484,51035,41449,UPI
2025-05-14,TXN00703,Mumbai,HR,Software,65884,41718,24166,Bank Transfer
2025-06-24,TXN00704,Nashik,HR,Subscription,50673,41112,9561,Bank Transfer
2025-12-22,TXN00705,Aurangabad,Finance,Consulting,136069,120383,15686,Bank Transfer
2025-08-23,TXN00706,Aurangabad,Sales,Support,198675,130593,68082,UPI
2025-05-13,TXN00707,Pune,Marketing,Training,37708,23462,14246,Cash
2025-06-30,TXN00708,Nashik,Marketing,Training,155398,107386,48012,UPI
2025-07-24,TXN00709,Nashik,Sales,Subscription,196605,154719,41886,Card
2025-09-01,TXN00710,Aurangabad,Operations,Consulting,102279,62297,39982,Card
2025-09-13,TXN00711,Pune,Operations,Consulting,72341,40198,32143,Card
2025-04-14,TXN00712,Nashik,Marketing,Software,85456,70616,14840,UPI
2025-02-10,TXN00713,Nagpur,HR,Software,197160,173520,23640,UPI
2025-09-04,TXN00714,Nagpur,HR,Training,117306,85551,31755,Cash
2025-04-04,TXN00715,Pune,HR,Consulting,153990,88716,65274,UPI
2025-09-27,TXN00716,Aurangabad,Sales,Subscription,130933,87102,43831,Bank Transfer
2025-07-21,TXN00717,Nagpur,Sales,Subscription,199919,159766,40153,Cash
2025-06-11,TXN00718,Pune,Finance,Subscription,22206,10110,12096,UPI
2025-06-16,TXN00719,Nashik,Marketing,Subscription,114791,83309,31482,Bank Transfer
2025-05-02,TXN00720,Aurangabad,Operations,Training,90623,60001,30622,Card
2025-09-13,TXN00721,Nashik,Operations,Support,131134,71433,59701,Bank Transfer
2025-08-19,TXN00722,Aurangabad,Marketing,Software,67156,47488,19668,Bank Transfer
2025-05-01,TXN00723,Nagpur,Marketing,Consulting,165579,106715,58864,Card
2025-08-31,TXN00724,Nagpur,Marketing,Subscription,22553,11941,10612,Bank Transfer
2025-09-07,TXN00725,Aurangabad,Sales,Support,98652,55534,43118,UPI
2025-12-20,TXN00726,Nashik,Finance,Software,62819,29965,32854,Cash
2025-06-21,TXN00727,Aurangabad,HR,Training,88096,53952,34144,Bank Transfer
2025-01-11,TXN00728,Aurangabad,Marketing,Subscription,127940,64553,63387,Card
2025-05-26,TXN00729,Aurangabad,Finance,Support,113089,67433,45656,UPI
2025-07-15,TXN00730,Pune,Marketing,Training,180868,104710,76158,Cash
2025-11-20,TXN00731,Mumbai,Sales,Consulting,180513,127665,52848,Bank Transfer
2025-04-27,TXN00732,Nashik,Operations,Subscription,102177,60549,41628,Cash
2025-05-19,TXN00733,Nashik,HR,Subscription,136627,109498,27129,Cash
2025-07-31,TXN00734,Mumbai,Marketing,Consulting,63861,34021,29840,Bank Transfer
2025-12-25,TXN00735,Nagpur,Sales,Software,40988,22328,18660,UPI
2025-08-31,TXN00736,Nagpur,HR,Software,163768,77662,86106,UPI
2025-05-15,TXN00737,Nagpur,Operations,Consulting,182031,94633,87398,Card
2025-05-26,TXN00738,Pune,HR,Consulting,136171,99665,36506,UPI
2025-01-18,TXN00739,Nashik,Finance,Support,193945,118418,75527,Bank Transfer
2025-10-08,TXN00740,Aurangabad,Marketing,Subscription,136613,69782,66831,Cash
2025-11-20,TXN00741,Nagpur,HR,Subscription,186684,157707,28977,Bank Transfer
2025-06-27,TXN00742,Mumbai,Finance,Training,146262,101337,44925,Bank Transfer
2025-07-31,TXN00743,Mumbai,Sales,Subscription,88106,45821,42285,Card
2025-06-26,TXN00744,Mumbai,Finance,Support,95173,62922,32251,Bank Transfer
2025-01-05,TXN00745,Aurangabad,Marketing,Software,132836,107475,25361,Bank Transfer
2025-04-07,TXN00746,Nagpur,Finance,Consulting,127934,108356,19578,Card
2025-11-27,TXN00747,Pune,Operations,Software,122163,100514,21649,Cash
2025-11-17,TXN00748,Aurangabad,Operations,Training,82799,56508,26291,Bank Transfer
2025-07-31,TXN00749,Pune,Marketing,Training,69283,57786,11497,UPI
2025-11-23,TXN00750,Nashik,HR,Support,139365,101454,37911,Card
2025-06-14,TXN00751,Aurangabad,Sales,Consulting,25084,13005,12079,UPI
2025-05-25,TXN00752,Nagpur,Sales,Consulting,90567,45851,44716,UPI
2025-03-19,TXN00753,Nashik,Finance,Training,23860,16036,7824,Cash
2025-07-10,TXN00754,Mumbai,Operations,Software,141552,108092,33460,Card
2025-01-29,TXN00755,Mumbai,HR,Support,89862,71803,18059,Card
2025-04-09,TXN00756,Mumbai,Sales,Consulting,85556,69964,15592,Cash
2025-08-15,TXN00757,Mumbai,Marketing,Support,84792,66301,18491,UPI
2025-09-24,TXN00758,Nagpur,Finance,Training,194589,173564,21025,Bank Transfer
2025-03-23,TXN00759,Aurangabad,HR,Software,184931,143822,41109,Bank Transfer
2025-09-04,TXN00760,Nashik,Sales,Consulting,187384,109519,77865,UPI
2025-05-01,TXN00761,Mumbai,Marketing,Training,185913,119983,65930,UPI
2025-07-22,TXN00762,Mumbai,HR,Support,83724,38012,45712,Card
2025-07-10,TXN00763,Nagpur,Sales,Subscription,43456,24419,19037,Bank Transfer
2025-11-17,TXN00764,Pune,HR,Software,35742,17045,18697,Card
2025-09-07,TXN00765,Aurangabad,Operations,Support,80994,47991,33003,Card
2025-01-11,TXN00766,Pune,Operations,Software,119029,72747,46282,Cash
2025-12-28,TXN00767,Aurangabad,Finance,Consulting,134688,94491,40197,Card
2025-10-06,TXN00768,Nagpur,Operations,Subscription,111138,66200,44938,Card
2025-02-05,TXN00769,Nashik,Operations,Subscription,159234,82763,76471,Bank Transfer
2025-08-21,TXN00770,Aurangabad,Finance,Consulting,20188,16133,4055,UPI
2025-11-14,TXN00771,Pune,Operations,Software,115440,92260,23180,Cash
2025-04-08,TXN00772,Aurangabad,Marketing,Subscription,157381,119208,38173,Bank Transfer
2025-06-15,TXN00773,Mumbai,Sales,Subscription,127427,94092,33335,UPI
2025-01-23,TXN00774,Mumbai,Marketing,Software,54019,28651,25368,Cash
2025-04-09,TXN00775,Nagpur,Finance,Subscription,45887,21306,24581,Bank Transfer
2025-01-26,TXN00776,Mumbai,Sales,Consulting,116037,63742,52295,Cash
2025-02-10,TXN00777,Mumbai,Operations,Subscription,142698,115650,27048,Cash
2025-07-08,TXN00778,Nashik,HR,Software,35283,28954,6329,UPI
2025-06-05,TXN00779,Aurangabad,Sales,Software,40430,35379,5051,Card
2025-09-30,TXN00780,Aurangabad,Marketing,Subscription,121012,64772,56240,Card
2025-10-13,TXN00781,Mumbai,HR,Training,166313,105913,60400,Cash
2025-12-26,TXN00782,Mumbai,Marketing,Consulting,194389,124833,69556,Cash
2025-09-16,TXN00783,Aurangabad,HR,Support,108476,80911,27565,Bank Transfer
2025-06-11,TXN00784,Nashik,Operations,Support,164200,147149,17051,Cash
2025-06-15,TXN00785,Aurangabad,Marketing,Support,179491,100214,79277,Bank Transfer
2025-07-04,TXN00786,Nagpur,Sales,Software,138594,90276,48318,Bank Transfer
2025-11-02,TXN00787,Nashik,Sales,Training,24273,16576,7697,Card
2025-04-20,TXN00788,Nashik,HR,Subscription,102550,47148,55402,Card
2025-02-18,TXN00789,Pune,Marketing,Training,29892,19644,10248,Bank Transfer
2025-10-26,TXN00790,Nashik,Sales,Subscription,85498,47438,38060,Cash
2025-10-19,TXN00791,Nashik,Finance,Consulting,76999,60091,16908,Cash
2025-12-20,TXN00792,Mumbai,HR,Training,171055,140056,30999,UPI
2025-10-23,TXN00793,Mumbai,Operations,Training,120020,58247,61773,Cash
2025-08-02,TXN00794,Pune,HR,Software,51598,43414,8184,Cash
2025-01-28,TXN00795,Nashik,HR,Subscription,99897,68526,31371,Card
2025-06-17,TXN00796,Pune,Sales,Support,151701,115898,35803,Cash
2025-11-01,TXN00797,Pune,Finance,Training,170799,115652,55147,Cash
2025-03-17,TXN00798,Nagpur,HR,Software,54652,32860,21792,Cash
2025-05-15,TXN00799,Nagpur,Marketing,Consulting,42302,26622,15680,Cash
2025-10-14,TXN00800,Aurangabad,Marketing,Subscription,71932,48161,23771,Card
2025-05-05,TXN00801,Nagpur,Operations,Subscription,38781,22098,16683,UPI
2025-02-27,TXN00802,Nashik,Operations,Consulting,196094,124737,71357,Bank Transfer
2025-06-26,TXN00803,Nashik,Marketing,Training,175681,130870,44811,Cash
2025-11-16,TXN00804,Pune,Marketing,Training,58225,37741,20484,Card
2025-02-13,TXN00805,Pune,HR,Consulting,49457,38715,10742,Bank Transfer
2025-01-08,TXN00806,Mumbai,Operations,Support,109986,83832,26154,Cash
2025-01-12,TXN00807,Aurangabad,Marketing,Consulting,106999,58213,48786,Bank Transfer
2025-10-08,TXN00808,Pune,Sales,Support,146622,107088,39534,UPI
2025-05-11,TXN00809,Pune,HR,Training,64648,30840,33808,UPI
2025-08-27,TXN00810,Mumbai,Finance,Training,191640,167748,23892,Bank Transfer
2025-02-25,TXN00811,Nagpur,Marketing,Support,25001,14541,10460,UPI
2025-06-11,TXN00812,Aurangabad,Sales,Consulting,147051,123529,23522,Card
2025-09-14,TXN00813,Mumbai,Sales,Consulting,140058,98364,41694,Bank Transfer
2025-06-20,TXN00814,Pune,Sales,Training,148432,93071,55361,Bank Transfer
2025-07-01,TXN00815,Aurangabad,Operations,Software,183900,107774,76126,Bank Transfer
2025-07-18,TXN00816,Nashik,Marketing,Consulting,27724,24254,3470,Bank Transfer
2025-07-21,TXN00817,Nagpur,HR,Subscription,192210,98366,93844,Card
2025-08-02,TXN00818,Nagpur,Operations,Subscription,83009,58754,24255,Bank Transfer
2025-08-18,TXN00819,Pune,HR,Subscription,162143,82579,79564,Card
2025-03-12,TXN00820,Aurangabad,Marketing,Support,101002,76745,24257,Card
2025-12-02,TXN00821,Nashik,Sales,Subscription,168070,144994,23076,UPI
2025-04-05,TXN00822,Pune,Sales,Training,103256,85473,17783,Cash
2025-07-30,TXN00823,Nashik,Marketing,Consulting,99520,64623,34897,UPI
2025-03-09,TXN00824,Aurangabad,HR,Training,68430,31600,36830,Card
2025-11-02,TXN00825,Mumbai,Operations,Software,80865,44791,36074,Cash
2025-03-10,TXN00826,Nagpur,Operations,Consulting,151681,126010,25671,Cash
2025-09-09,TXN00827,Pune,Marketing,Software,144216,73821,70395,Cash
2025-01-08,TXN00828,Pune,Marketing,Consulting,90741,79633,11108,UPI
2025-04-01,TXN00829,Nagpur,Operations,Support,135155,113558,21597,Card
2025-08-07,TXN00830,Aurangabad,Finance,Training,126133,100817,25316,Cash
2025-11-10,TXN00831,Aurangabad,Sales,Subscription,169929,121875,48054,UPI
2025-08-20,TXN00832,Mumbai,Marketing,Subscription,139773,114915,24858,Cash
2025-01-21,TXN00833,Mumbai,Marketing,Training,166197,103761,62436,Cash
2025-07-23,TXN00834,Nashik,Finance,Consulting,99837,79685,20152,Cash
2025-05-31,TXN00835,Aurangabad,Marketing,Support,180729,156071,24658,Cash
2025-02-16,TXN00836,Aurangabad,HR,Consulting,151244,75762,75482,Cash
2025-07-31,TXN00837,Pune,Finance,Subscription,104793,68419,36374,Card
2025-08-21,TXN00838,Pune,Sales,Software,43640,24549,19091,UPI
2025-12-28,TXN00839,Mumbai,HR,Support,137807,101333,36474,Card
2025-07-13,TXN00840,Pune,Operations,Subscription,164269,102055,62214,Card
2025-03-25,TXN00841,Mumbai,Finance,Training,57907,30719,27188,Bank Transfer
2025-08-17,TXN00842,Mumbai,Marketing,Consulting,95702,70044,25658,UPI
2025-11-15,TXN00843,Nagpur,Finance,Subscription,86351,39332,47019,UPI
2025-11-08,TXN00844,Aurangabad,Finance,Support,149359,83199,66160,Cash
2025-08-15,TXN00845,Mumbai,Marketing,Subscription,40815,29409,11406,Bank Transfer
2025-11-14,TXN00846,Pune,Sales,Consulting,184793,129520,55273,Card
2025-01-29,TXN00847,Pune,Sales,Subscription,191252,116101,75151,Bank Transfer
2025-06-19,TXN00848,Nagpur,Marketing,Consulting,42990,20294,22696,Bank Transfer
2025-11-09,TXN00849,Aurangabad,HR,Subscription,193257,147103,46154,Card
2025-08-22,TXN00850,Mumbai,Sales,Training,171772,105139,66633,Bank Transfer
2025-07-08,TXN00851,Nagpur,HR,Software,119336,97750,21586,Bank Transfer
2025-08-30,TXN00852,Nashik,Operations,Subscription,55270,27906,27364,Cash
2025-09-26,TXN00853,Aurangabad,Sales,Software,75009,57241,17768,UPI
2025-09-05,TXN00854,Nashik,Finance,Subscription,178538,155372,23166,Bank Transfer
2025-05-13,TXN00855,Aurangabad,Operations,Consulting,157728,111799,45929,Cash
2025-09-24,TXN00856,Pune,HR,Consulting,185637,125116,60521,Bank Transfer
2025-04-10,TXN00857,Nagpur,Sales,Consulting,20414,10272,10142,Cash
2025-07-31,TXN00858,Aurangabad,Marketing,Software,31925,19161,12764,Card
2025-12-20,TXN00859,Mumbai,Operations,Training,93826,52963,40863,Bank Transfer
2025-01-04,TXN00860,Nashik,Finance,Subscription,49841,37810,12031,UPI
2025-03-31,TXN00861,Nashik,Finance,Support,70860,42426,28434,UPI
2025-11-27,TXN00862,Nagpur,HR,Training,55587,37058,18529,Cash
2025-07-31,TXN00863,Nashik,HR,Training,34685,28642,6043,UPI
2025-04-17,TXN00864,Nashik,Sales,Consulting,171361,129972,41389,Bank Transfer
2025-01-16,TXN00865,Aurangabad,Marketing,Subscription,108906,97212,11694,Cash
2025-04-06,TXN00866,Nashik,Operations,Software,176025,88466,87559,Bank Transfer
2025-07-31,TXN00867,Pune,Operations,Support,42753,28801,13952,Bank Transfer
2025-04-21,TXN00868,Mumbai,Operations,Software,157651,92390,65261,Card
2025-02-17,TXN00869,Nagpur,HR,Consulting,136332,92391,43941,Card
2025-06-24,TXN00870,Aurangabad,Operations,Training,146739,114397,32342,Card
2025-02-20,TXN00871,Pune,Marketing,Software,155304,117180,38124,Cash
2025-07-18,TXN00872,Nashik,Sales,Subscription,156929,78798,78131,UPI
2025-06-20,TXN00873,Mumbai,HR,Training,142388,121048,21340,UPI
2025-10-23,TXN00874,Pune,Operations,Consulting,101826,75094,26732,Card
2025-05-27,TXN00875,Nagpur,Sales,Training,92522,63796,28726,Card
2025-03-22,TXN00876,Aurangabad,HR,Subscription,91732,46004,45728,UPI
2025-04-16,TXN00877,Nashik,Operations,Consulting,162220,98571,63649,Bank Transfer
2025-10-21,TXN00878,Nashik,HR,Training,84179,44368,39811,Cash
2025-01-26,TXN00879,Mumbai,Sales,Support,54098,25049,29049,UPI
2025-02-14,TXN00880,Aurangabad,HR,Support,131795,82551,49244,Bank Transfer
2025-06-09,TXN00881,Aurangabad,Sales,Support,107118,87606,19512,Card
2025-02-17,TXN00882,Nashik,Finance,Support,142755,70487,72268,Card
2025-04-25,TXN00883,Aurangabad,Operations,Training,57675,48302,9373,Cash
2025-04-04,TXN00884,Nashik,Finance,Support,194373,116360,78013,UPI
2025-02-03,TXN00885,Nagpur,Finance,Consulting,144606,72418,72188,Bank Transfer
2025-06-28,TXN00886,Aurangabad,Sales,Support,178450,126450,52000,UPI
2025-06-16,TXN00887,Nashik,HR,Support,165791,123058,42733,Cash
2025-10-30,TXN00888,Pune,HR,Consulting,128381,71554,56827,Cash
2025-07-16,TXN00889,Aurangabad,Finance,Support,37317,22514,14803,Bank Transfer
2025-10-06,TXN00890,Mumbai,HR,Support,81906,43237,38669,UPI
2025-10-31,TXN00891,Aurangabad,Sales,Support,176257,116031,60226,Card
2025-06-07,TXN00892,Mumbai,HR,Support,126376,60827,65549,Bank Transfer
2025-09-11,TXN00893,Mumbai,Marketing,Consulting,189080,141256,47824,UPI
2025-03-17,TXN00894,Aurangabad,Operations,Support,193246,99936,93310,Cash
2025-04-11,TXN00895,Nashik,Operations,Subscription,73912,55927,17985,Bank Transfer
2025-08-11,TXN00896,Aurangabad,Sales,Subscription,110246,98739,11507,Cash
2025-03-07,TXN00897,Aurangabad,Sales,Software,97118,46430,50688,Bank Transfer
2025-02-26,TXN00898,Pune,Finance,Subscription,93979,78900,15079,Cash
2025-11-17,TXN00899,Nagpur,Finance,Support,103395,79644,23751,Card
2025-12-06,TXN00900,Pune,HR,Support,65458,43443,22015,Bank Transfer
2025-08-02,TXN00901,Pune,Marketing,Software,60440,35043,25397,UPI
2025-11-28,TXN00902,Nagpur,Finance,Consulting,24117,12415,11702,UPI
2025-03-12,TXN00903,Nagpur,HR,Support,188360,153075,35285,Card
2025-08-21,TXN00904,Nagpur,Finance,Training,153540,98397,55143,Card
2025-04-06,TXN00905,Aurangabad,Finance,Consulting,131351,94843,36508,Bank Transfer
2025-07-30,TXN00906,Mumbai,Sales,Subscription,163174,115748,47426,Cash
2025-12-27,TXN00907,Nagpur,Sales,Consulting,116620,58417,58203,Bank Transfer
2025-08-27,TXN00908,Aurangabad,Sales,Consulting,155515,75456,80059,Cash
2025-11-19,TXN00909,Mumbai,HR,Subscription,193994,171138,22856,Bank Transfer
2025-11-10,TXN00910,Aurangabad,Sales,Support,33834,28982,4852,Cash
2025-09-20,TXN00911,Nashik,Finance,Training,143006,101288,41718,Bank Transfer
2025-05-29,TXN00912,Aurangabad,Operations,Subscription,63911,29775,34136,Bank Transfer
2025-02-01,TXN00913,Pune,HR,Software,184967,122618,62349,Bank Transfer
2025-11-16,TXN00914,Mumbai,Marketing,Subscription,27156,15725,11431,UPI
2025-05-23,TXN00915,Nashik,Operations,Training,86073,43866,42207,UPI
2025-02-27,TXN00916,Aurangabad,Marketing,Support,178288,94238,84050,Bank Transfer
2025-03-31,TXN00917,Pune,Finance,Consulting,88485,70977,17508,UPI
2025-06-25,TXN00918,Aurangabad,Marketing,Support,42125,37293,4832,Cash
2025-07-16,TXN00919,Pune,Marketing,Subscription,82376,61559,20817,Bank Transfer
2025-01-28,TXN00920,Mumbai,Sales,Consulting,188364,107174,81190,Cash
2025-07-24,TXN00921,Aurangabad,Marketing,Support,144841,84821,60020,Cash
2025-08-31,TXN00922,Nagpur,Sales,Training,88845,45783,43062,Cash
2025-07-15,TXN00923,Aurangabad,Sales,Software,197862,117146,80716,Bank Transfer
2025-08-10,TXN00924,Nashik,Operations,Training,180035,155391,24644,Bank Transfer
2025-02-20,TXN00925,Nagpur,Finance,Consulting,86936,64719,22217,Card
2025-09-24,TXN00926,Pune,Operations,Subscription,108449,81876,26573,UPI
2025-12-11,TXN00927,Mumbai,Finance,Software,22221,18315,3906,UPI
2025-12-17,TXN00928,Nashik,Operations,Consulting,136901,83260,53641,UPI
2025-01-13,TXN00929,Aurangabad,Marketing,Subscription,182371,89612,92759,UPI
2025-12-29,TXN00930,Aurangabad,Marketing,Support,51451,25153,26298,Card
2025-02-26,TXN00931,Nagpur,Sales,Support,68303,38522,29781,Bank Transfer
2025-08-07,TXN00932,Nashik,Operations,Consulting,195001,155307,39694,UPI
2025-05-22,TXN00933,Nashik,Sales,Training,36354,22621,13733,Bank Transfer
2025-04-02,TXN00934,Pune,HR,Support,135494,65203,70291,Card
2025-11-27,TXN00935,Aurangabad,Finance,Consulting,148989,74314,74675,UPI
2025-08-15,TXN00936,Mumbai,Sales,Subscription,87894,43637,44257,Bank Transfer
2025-08-17,TXN00937,Pune,Sales,Software,24919,21266,3653,Cash
2025-05-17,TXN00938,Nagpur,HR,Software,59742,45704,14038,Cash
2025-09-02,TXN00939,Mumbai,HR,Consulting,134309,84851,49458,UPI
2025-07-16,TXN00940,Aurangabad,Operations,Training,146370,73849,72521,Bank Transfer
2025-07-25,TXN00941,Mumbai,Operations,Subscription,34468,25317,9151,Bank Transfer
2025-02-11,TXN00942,Nashik,Marketing,Consulting,140491,111297,29194,UPI
2025-07-16,TXN00943,Nagpur,Sales,Training,193207,103549,89658,Cash
2025-02-13,TXN00944,Pune,Marketing,Software,185882,120282,65600,Card
2025-01-13,TXN00945,Nagpur,Sales,Subscription,175437,97774,77663,Bank Transfer
2025-09-13,TXN00946,Nagpur,Sales,Software,159969,141449,18520,Bank Transfer
2025-01-29,TXN00947,Mumbai,Finance,Software,108530,87312,21218,Card
2025-12-01,TXN00948,Aurangabad,Marketing,Subscription,194932,133607,61325,Card
2025-02-06,TXN00949,Nagpur,Sales,Support,29667,23168,6499,UPI
2025-05-05,TXN00950,Pune,Sales,Training,190075,96699,93376,UPI
2025-08-22,TXN00951,Aurangabad,Sales,Software,180229,94946,85283,UPI
2025-09-12,TXN00952,Pune,Sales,Consulting,175969,142469,33500,Cash
2025-06-22,TXN00953,Mumbai,HR,Subscription,197837,124816,73021,Card
2025-06-14,TXN00954,Aurangabad,Marketing,Training,75897,60254,15643,UPI
2025-03-03,TXN00955,Nagpur,Marketing,Training,91799,47143,44656,Card
2025-08-13,TXN00956,Mumbai,Marketing,Software,83869,72677,11192,Cash
2025-03-22,TXN00957,Mumbai,Sales,Software,24097,20382,3715,Card
2025-02-15,TXN00958,Nashik,Finance,Support,190853,136875,53978,Card
2025-04-16,TXN00959,Aurangabad,Finance,Support,57509,42437,15072,Card
2025-03-31,TXN00960,Aurangabad,Marketing,Support,180048,137062,42986,UPI
2025-11-18,TXN00961,Mumbai,HR,Consulting,98957,60020,38937,Card
2025-03-02,TXN00962,Aurangabad,Operations,Subscription,158988,141428,17560,Card
2025-08-26,TXN00963,Nashik,Sales,Consulting,184223,137558,46665,UPI
2025-03-18,TXN00964,Nagpur,Finance,Consulting,199632,165635,33997,Card
2025-12-10,TXN00965,Nashik,Operations,Consulting,31302,14846,16456,Cash
2025-05-09,TXN00966,Nagpur,Sales,Software,107633,78310,29323,UPI
2025-10-03,TXN00967,Mumbai,Finance,Subscription,66107,34449,31658,UPI
2025-02-06,TXN00968,Aurangabad,HR,Training,81682,63273,18409,Cash
2025-04-12,TXN00969,Pune,Sales,Training,197432,168659,28773,Card
2025-02-20,TXN00970,Pune,Finance,Consulting,82159,64247,17912,UPI
2025-08-30,TXN00971,Nagpur,Marketing,Consulting,173378,115813,57565,Cash
2025-04-02,TXN00972,Nagpur,Marketing,Training,121536,75117,46419,Bank Transfer
2025-04-14,TXN00973,Aurangabad,Sales,Training,108051,54808,53243,Card
2025-02-26,TXN00974,Pune,Operations,Consulting,142037,93227,48810,Bank Transfer
2025-11-06,TXN00975,Aurangabad,Marketing,Subscription,61101,49204,11897,Card
2025-02-14,TXN00976,Nagpur,Marketing,Subscription,127923,106897,21026,Cash
2025-08-25,TXN00977,Nagpur,Marketing,Consulting,93182,42540,50642,Bank Transfer
2025-08-11,TXN00978,Aurangabad,Marketing,Subscription,171903,94560,77343,UPI
2025-08-02,TXN00979,Nagpur,HR,Software,31593,14786,16807,Cash
2025-09-29,TXN00980,Mumbai,Finance,Support,123368,82122,41246,Card
2025-02-12,TXN00981,Nagpur,Marketing,Consulting,166404,131273,35131,Bank Transfer
2025-06-01,TXN00982,Mumbai,Sales,Support,82668,61293,21375,Bank Transfer
2025-03-24,TXN00983,Aurangabad,Sales,Support,140398,117381,23017,Cash
2025-03-12,TXN00984,Nashik,Finance,Software,126262,67326,58936,UPI
2025-07-17,TXN00985,Nashik,Finance,Training,107269,73899,33370,Card
2025-12-17,TXN00986,Nashik,Sales,Subscription,41222,30059,11163,Bank Transfer
2025-01-27,TXN00987,Nagpur,HR,Software,49089,30549,18540,Bank Transfer
2025-07-07,TXN00988,Mumbai,HR,Consulting,65945,48909,17036,Card
2025-06-21,TXN00989,Nagpur,HR,Consulting,82556,57197,25359,Card
2025-06-14,TXN00990,Aurangabad,Finance,Training,112461,96049,16412,UPI
2025-02-02,TXN00991,Nagpur,HR,Subscription,117730,71268,46462,UPI
2025-08-29,TXN00992,Aurangabad,Operations,Support,159435,120411,39024,Bank Transfer
2025-12-11,TXN00993,Nagpur,Sales,Software,37203,19894,17309,Cash
2025-04-02,TXN00994,Mumbai,Sales,Consulting,95595,84239,11356,Bank Transfer
2025-02-27,TXN00995,Pune,HR,Software,58785,39582,19203,Bank Transfer
2025-08-02,TXN00996,Pune,Finance,Training,198887,137957,60930,Cash
2025-08-16,TXN00997,Pune,Sales,Software,189000,86877,102123,Card
2025-09-24,TXN00998,Aurangabad,Operations,Training,188996,113613,75383,Cash
2025-10-31,TXN00999,Aurangabad,Finance,Support,194549,148555,45994,Bank Transfer
2025-10-18,TXN01000,Nashik,Marketing,Training,54591,46633,7958,Card
2025-09-05,TXN01001,Mumbai,Marketing,Training,117491,104194,13297,Bank Transfer
2025-08-22,TXN01002,Pune,HR,Training,63611,46333,17278,Card
2025-03-31,TXN01003,Pune,Marketing,Software,194681,157206,37475,UPI
2025-06-12,TXN01004,Nashik,Operations,Consulting,170608,86483,84125,Card
2025-10-15,TXN01005,Nashik,Marketing,Training,29093,21805,7288,Cash
2025-10-04,TXN01006,Mumbai,Sales,Support,62623,43218,19405,Cash
2025-03-16,TXN01007,Pune,Sales,Subscription,140072,121514,18558,Bank Transfer
2025-11-28,TXN01008,Nashik,HR,Consulting,97478,64653,32825,Cash
2025-06-23,TXN01009,Mumbai,Marketing,Subscription,49442,38527,10915,UPI
2025-06-07,TXN01010,Pune,Finance,Training,26500,16714,9786,UPI
2025-06-17,TXN01011,Pune,HR,Subscription,34426,24912,9514,Card
2025-05-23,TXN01012,Aurangabad,Finance,Software,71305,32810,38495,Cash
2025-04-10,TXN01013,Aurangabad,HR,Software,148572,88101,60471,Bank Transfer
2025-07-23,TXN01014,Nagpur,Operations,Support,58783,45391,13392,Bank Transfer
2025-01-07,TXN01015,Nashik,Finance,Subscription,94619,57264,37355,UPI
2025-04-21,TXN01016,Nagpur,Finance,Training,136449,106933,29516,Card
2025-08-06,TXN01017,Aurangabad,HR,Software,128578,65935,62643,Card
2025-04-17,TXN01018,Aurangabad,Operations,Software,99490,66019,33471,Cash
2025-02-15,TXN01019,Nashik,Finance,Consulting,21735,13785,7950,Cash
2025-12-30,TXN01020,Pune,Marketing,Consulting,168875,133387,35488,Cash
2025-05-29,TXN01021,Nashik,HR,Training,165192,110804,54388,Cash
2025-10-14,TXN01022,Mumbai,Marketing,Training,141491,77966,63525,Bank Transfer
2025-11-24,TXN01023,Nashik,Finance,Consulting,186870,123828,63042,Cash
2025-12-19,TXN01024,Mumbai,Operations,Support,189026,105880,83146,UPI
2025-11-03,TXN01025,Aurangabad,Finance,Training,114833,81701,33132,Cash
2025-12-22,TXN01026,Aurangabad,Sales,Training,51348,31730,19618,Card
2025-10-25,TXN01027,Nagpur,Marketing,Training,35338,18225,17113,Card
2025-01-28,TXN01028,Nashik,Sales,Training,91478,56032,35446,Bank Transfer
2025-09-29,TXN01029,Aurangabad,Marketing,Consulting,187495,163372,24123,UPI
2025-11-03,TXN01030,Nashik,Operations,Training,63813,44329,19484,Bank Transfer
2025-02-19,TXN01031,Pune,Sales,Consulting,160095,113830,46265,Bank Transfer
2025-07-10,TXN01032,Pune,Sales,Consulting,147113,93475,53638,Card
2025-09-15,TXN01033,Aurangabad,HR,Subscription,77963,64257,13706,UPI
2025-08-02,TXN01034,Mumbai,Marketing,Software,140715,121326,19389,Cash
2025-06-28,TXN01035,Pune,Finance,Subscription,101677,77373,24304,Bank Transfer
2025-03-30,TXN01036,Mumbai,Marketing,Consulting,99871,46234,53637,Card
2025-12-19,TXN01037,Pune,Marketing,Software,79395,46711,32684,Cash
2025-12-20,TXN01038,Nagpur,Finance,Software,49287,23903,25384,Card
2025-02-25,TXN01039,Aurangabad,HR,Software,28596,23073,5523,Cash
2025-03-02,TXN01040,Nashik,Sales,Software,86325,40527,45798,UPI
2025-11-05,TXN01041,Pune,Marketing,Training,73844,52755,21089,UPI
2025-02-16,TXN01042,Nashik,HR,Training,58156,48306,9850,Bank Transfer
2025-03-24,TXN01043,Aurangabad,Marketing,Subscription,151238,121196,30042,UPI
2025-02-20,TXN01044,Aurangabad,Marketing,Consulting,171554,136121,35433,Bank Transfer
2025-03-29,TXN01045,Mumbai,Marketing,Subscription,160804,72675,88129,Cash
2025-07-07,TXN01046,Mumbai,Marketing,Training,174502,93063,81439,Cash
2025-08-06,TXN01047,Nagpur,Sales,Training,76170,51903,24267,UPI
2025-08-27,TXN01048,Nagpur,Operations,Training,48918,33453,15465,UPI
2025-02-12,TXN01049,Nagpur,Operations,Support,106013,71258,34755,Bank Transfer
2025-12-18,TXN01050,Nagpur,Operations,Support,136380,75233,61147,Card
2025-02-05,TXN01051,Nashik,Marketing,Software,144695,126258,18437,Cash
2025-12-11,TXN01052,Aurangabad,Sales,Software,47570,29891,17679,Card
2025-07-22,TXN01053,Mumbai,Marketing,Software,125021,95361,29660,Bank Transfer
2025-04-12,TXN01054,Nagpur,Sales,Consulting,108770,58748,50022,Cash
2025-09-13,TXN01055,Aurangabad,HR,Training,93011,73866,19145,Cash
2025-07-02,TXN01056,Nagpur,Finance,Subscription,144735,108551,36184,Bank Transfer
2025-03-17,TXN01057,Nashik,Finance,Support,139179,69396,69783,Card
2025-11-18,TXN01058,Mumbai,Sales,Support,55286,25618,29668,UPI
2025-04-02,TXN01059,Nashik,Marketing,Training,120304,86867,33437,UPI
2025-02-09,TXN01060,Nagpur,Finance,Consulting,193298,152362,40936,Bank Transfer
2025-12-05,TXN01061,Nashik,HR,Training,150521,100941,49580,UPI
2025-01-17,TXN01062,Mumbai,Finance,Support,132828,112379,20449,Bank Transfer
2025-07-12,TXN01063,Mumbai,Marketing,Subscription,136013,89339,46674,Bank Transfer
2025-12-28,TXN01064,Pune,Operations,Support,63029,42302,20727,Cash
2025-02-26,TXN01065,Aurangabad,HR,Subscription,169121,127476,41645,Cash
2025-09-01,TXN01066,Aurangabad,Sales,Support,167391,139680,27711,Bank Transfer
2025-09-11,TXN01067,Aurangabad,Operations,Training,174938,155151,19787,Bank Transfer
2025-02-01,TXN01068,Pune,Operations,Training,27378,19594,7784,UPI
2025-11-17,TXN01069,Nagpur,Operations,Training,109458,68001,41457,Cash
2025-06-29,TXN01070,Pune,Marketing,Training,34797,26012,8785,UPI
2025-12-19,TXN01071,Mumbai,Operations,Consulting,37170,31260,5910,UPI
2025-10-03,TXN01072,Nagpur,HR,Subscription,105489,49244,56245,Cash
2025-05-17,TXN01073,Aurangabad,Sales,Training,25348,19345,6003,Cash
2025-10-20,TXN01074,Mumbai,Finance,Software,122315,72788,49527,Card
2025-06-22,TXN01075,Nashik,Marketing,Subscription,150215,101582,48633,Bank Transfer
2025-07-06,TXN01076,Mumbai,HR,Consulting,134292,72623,61669,Bank Transfer
2025-05-16,TXN01077,Aurangabad,Finance,Consulting,32460,18949,13511,UPI
2025-10-24,TXN01078,Nashik,Sales,Subscription,44833,32115,12718,Cash
2025-08-07,TXN01079,Mumbai,Operations,Subscription,74981,45460,29521,Bank Transfer
2025-08-10,TXN01080,Pune,Finance,Support,193921,134382,59539,Bank Transfer
2025-11-16,TXN01081,Aurangabad,Marketing,Software,155100,101428,53672,Card
2025-10-23,TXN01082,Nagpur,Operations,Subscription,150863,82345,68518,Cash
2025-10-17,TXN01083,Pune,Operations,Support,184300,87901,96399,Card
2025-05-04,TXN01084,Nashik,Finance,Support,59445,46717,12728,Bank Transfer
2025-02-02,TXN01085,Nagpur,Operations,Training,186180,100835,85345,Card
2025-05-12,TXN01086,Pune,Sales,Consulting,177609,98796,78813,Card
2025-01-15,TXN01087,Nashik,Finance,Support,84379,68234,16145,Cash
2025-08-05,TXN01088,Pune,Marketing,Training,189586,162578,27008,Card
2025-01-15,TXN01089,Nashik,HR,Consulting,87737,70659,17078,UPI
2025-09-06,TXN01090,Mumbai,Operations,Subscription,25218,11975,13243,Bank Transfer
2025-02-02,TXN01091,Mumbai,Finance,Consulting,126694,108139,18555,Card
2025-02-27,TXN01092,Mumbai,HR,Subscription,169677,132435,37242,Bank Transfer
2025-09-12,TXN01093,Mumbai,Operations,Training,43658,24323,19335,Cash
2025-05-01,TXN01094,Mumbai,Marketing,Consulting,130852,71720,59132,Bank Transfer
2025-08-14,TXN01095,Aurangabad,Sales,Support,127053,71713,55340,Bank Transfer
2025-12-25,TXN01096,Nagpur,Finance,Consulting,49612,29391,20221,Bank Transfer
2025-03-16,TXN01097,Nashik,Operations,Software,115157,76446,38711,UPI
2025-12-06,TXN01098,Pune,Operations,Subscription,34332,26120,8212,Cash
2025-06-08,TXN01099,Nashik,Sales,Subscription,187496,165243,22253,Card
2025-08-15,TXN01100,Nagpur,Operations,Training,121835,55257,66578,UPI
2025-05-01,TXN01101,Pune,Finance,Training,97967,53360,44607,Cash
2025-01-18,TXN01102,Nagpur,Finance,Support,91837,77133,14704,Bank Transfer
2025-08-05,TXN01103,Nashik,HR,Software,46318,38026,8292,Bank Transfer
2025-08-04,TXN01104,Aurangabad,Operations,Support,177841,138387,39454,UPI
2025-01-27,TXN01105,Nagpur,Marketing,Software,188132,138976,49156,Cash
2025-04-13,TXN01106,Aurangabad,Sales,Software,184704,108512,76192,Card
2025-05-08,TXN01107,Pune,HR,Support,155362,119800,35562,Bank Transfer
2025-08-20,TXN01108,Pune,Operations,Consulting,145400,122583,22817,Bank Transfer
2025-05-25,TXN01109,Nashik,Marketing,Support,72078,35172,36906,Cash
2025-10-20,TXN01110,Mumbai,HR,Subscription,78847,36216,42631,Card
2025-02-15,TXN01111,Pune,Sales,Support,141221,76149,65072,Cash
2025-11-04,TXN01112,Nashik,Marketing,Subscription,88198,45612,42586,UPI
2025-01-08,TXN01113,Nagpur,Finance,Software,157845,101939,55906,Card
2025-04-15,TXN01114,Nashik,Operations,Support,69950,61256,8694,Cash
2025-03-08,TXN01115,Aurangabad,Marketing,Training,133064,111155,21909,Card
2025-08-03,TXN01116,Pune,Sales,Training,67282,42645,24637,Bank Transfer
2025-05-01,TXN01117,Pune,Operations,Subscription,181921,118783,63138,Cash
2025-02-13,TXN01118,Nashik,Finance,Consulting,22705,15007,7698,Cash
2025-12-29,TXN01119,Nashik,Sales,Software,130963,102314,28649,UPI
2025-01-27,TXN01120,Nagpur,Operations,Subscription,107257,93204,14053,UPI
2025-01-03,TXN01121,Nagpur,Operations,Support,86494,58560,27934,Bank Transfer
2025-03-09,TXN01122,Pune,Operations,Consulting,166685,78092,88593,Cash
2025-06-23,TXN01123,Nashik,HR,Support,142705,72688,70017,Card
2025-05-14,TXN01124,Pune,Finance,Training,50629,29920,20709,Bank Transfer
2025-08-09,TXN01125,Nashik,HR,Training,94167,80631,13536,Bank Transfer
2025-08-12,TXN01126,Nagpur,Marketing,Subscription,63249,37443,25806,Cash
2025-01-28,TXN01127,Pune,Marketing,Software,69524,35935,33589,Cash
2025-05-14,TXN01128,Nagpur,Sales,Support,62874,48267,14607,UPI
2025-08-15,TXN01129,Aurangabad,Finance,Support,113459,101542,11917,Cash
2025-02-27,TXN01130,Mumbai,Marketing,Training,58811,29737,29074,Card
2025-03-28,TXN01131,Aurangabad,HR,Consulting,153362,125780,27582,UPI
2025-09-27,TXN01132,Mumbai,Marketing,Support,169628,90115,79513,UPI
2025-06-18,TXN01133,Mumbai,Finance,Training,26805,15491,11314,UPI
2025-06-15,TXN01134,Nagpur,Finance,Support,60311,27923,32388,Bank Transfer
2025-11-01,TXN01135,Mumbai,HR,Support,192492,87124,105368,Bank Transfer
2025-10-19,TXN01136,Mumbai,Operations,Training,53900,29381,24519,UPI
2025-02-06,TXN01137,Nagpur,Sales,Support,163433,143552,19881,Bank Transfer
2025-04-02,TXN01138,Nagpur,Sales,Software,82935,73337,9598,Card
2025-03-25,TXN01139,Nashik,Marketing,Software,121843,97568,24275,Bank Transfer
2025-09-09,TXN01140,Nashik,HR,Consulting,133340,104158,29182,Bank Transfer
2025-12-07,TXN01141,Aurangabad,Marketing,Support,45195,37259,7936,Cash
2025-07-18,TXN01142,Aurangabad,Finance,Software,144895,82708,62187,Cash
2025-07-08,TXN01143,Nagpur,Sales,Software,180921,96586,84335,Bank Transfer
2025-08-26,TXN01144,Pune,Finance,Subscription,197324,108706,88618,UPI
2025-05-29,TXN01145,Nagpur,Operations,Consulting,142740,92325,50415,Card
2025-12-17,TXN01146,Aurangabad,Finance,Training,98750,81833,16917,UPI
2025-10-10,TXN01147,Aurangabad,Sales,Subscription,40062,34564,5498,Cash
2025-07-31,TXN01148,Aurangabad,Operations,Training,44768,29506,15262,Bank Transfer
2025-10-27,TXN01149,Mumbai,Sales,Support,41435,32977,8458,Card
2025-04-04,TXN01150,Nagpur,Operations,Training,123011,57860,65151,Cash
2025-12-10,TXN01151,Nashik,Operations,Consulting,137951,100802,37149,Card
2025-04-05,TXN01152,Aurangabad,Operations,Software,40505,31843,8662,Cash
2025-10-01,TXN01153,Mumbai,Sales,Consulting,24696,11178,13518,Cash
2025-08-24,TXN01154,Aurangabad,Finance,Training,126192,106121,20071,Bank Transfer
2025-12-20,TXN01155,Nagpur,Operations,Software,196633,173708,22925,Card
2025-03-11,TXN01156,Mumbai,Marketing,Software,23637,12666,10971,Card
2025-09-04,TXN01157,Pune,Finance,Subscription,190032,97927,92105,Card
2025-02-14,TXN01158,Pune,Finance,Support,98883,78747,20136,UPI
2025-03-01,TXN01159,Nagpur,Finance,Support,63543,54398,9145,UPI
2025-08-19,TXN01160,Nashik,HR,Support,173413,96969,76444,UPI
2025-06-20,TXN01161,Nagpur,Finance,Support,22064,10948,11116,Bank Transfer
2025-01-19,TXN01162,Aurangabad,HR,Subscription,147794,93088,54706,Cash
2025-04-29,TXN01163,Nagpur,HR,Training,35913,24698,11215,UPI
2025-05-18,TXN01164,Nagpur,Sales,Support,189948,121132,68816,Bank Transfer
2025-08-18,TXN01165,Nashik,Marketing,Support,134355,61717,72638,Bank Transfer
2025-08-13,TXN01166,Aurangabad,Operations,Subscription,80844,54847,25997,Cash
2025-03-09,TXN01167,Nagpur,Finance,Training,96911,75139,21772,Cash
2025-03-24,TXN01168,Mumbai,Finance,Consulting,183012,99420,83592,Card
2025-04-13,TXN01169,Mumbai,Finance,Support,60976,44060,16916,Bank Transfer
2025-05-01,TXN01170,Mumbai,Operations,Training,74901,52473,22428,Bank Transfer
2025-12-13,TXN01171,Aurangabad,Sales,Software,61577,32550,29027,Bank Transfer
2025-08-09,TXN01172,Mumbai,HR,Consulting,49876,36304,13572,Cash
2025-05-13,TXN01173,Mumbai,HR,Training,109213,87719,21494,Card
2025-12-20,TXN01174,Mumbai,Sales,Support,155105,111974,43131,Cash
2025-02-26,TXN01175,Aurangabad,Sales,Subscription,47758,38289,9469,UPI
2025-09-17,TXN01176,Mumbai,Marketing,Training,47632,25014,22618,Card
2025-05-30,TXN01177,Nagpur,Sales,Consulting,135741,107626,28115,Bank Transfer
2025-06-21,TXN01178,Pune,Finance,Support,56116,28357,27759,UPI
2025-05-06,TXN01179,Aurangabad,Marketing,Software,144168,87018,57150,Bank Transfer
2025-07-10,TXN01180,Pune,Marketing,Subscription,128792,78857,49935,Cash
2025-04-27,TXN01181,Nagpur,Finance,Support,56174,45545,10629,Bank Transfer
2025-01-16,TXN01182,Mumbai,HR,Software,136019,70119,65900,UPI
2025-06-23,TXN01183,Pune,Finance,Software,102524,64666,37858,Cash
2025-01-19,TXN01184,Pune,HR,Software,193061,167023,26038,Bank Transfer
2025-08-03,TXN01185,Aurangabad,Operations,Training,125382,106399,18983,Bank Transfer
2025-01-05,TXN01186,Aurangabad,Marketing,Support,93342,79816,13526,Cash
2025-11-26,TXN01187,Aurangabad,HR,Support,73774,62664,11110,Bank Transfer
2025-11-29,TXN01188,Nashik,Sales,Software,126038,100695,25343,Bank Transfer
2025-07-19,TXN01189,Aurangabad,Operations,Consulting,53031,36284,16747,UPI
2025-09-19,TXN01190,Nashik,Marketing,Software,164647,97226,67421,UPI
2025-10-04,TXN01191,Nashik,Finance,Subscription,175321,99303,76018,UPI
2025-01-31,TXN01192,Aurangabad,Operations,Software,117774,66764,51010,UPI
2025-11-30,TXN01193,Aurangabad,Sales,Support,52702,34358,18344,Bank Transfer
2025-05-01,TXN01194,Aurangabad,HR,Consulting,172461,121502,50959,Bank Transfer
2025-06-03,TXN01195,Aurangabad,Marketing,Support,94589,70952,23637,Card
2025-02-23,TXN01196,Pune,Operations,Support,105943,72295,33648,UPI
2025-03-17,TXN01197,Mumbai,Sales,Software,131592,108273,23319,Cash
2025-03-08,TXN01198,Mumbai,Operations,Subscription,144846,79180,65666,Cash
2025-10-29,TXN01199,Nagpur,Operations,Subscription,166530,113827,52703,Cash
2025-11-22,TXN01200,Nagpur,Finance,Consulting,130997,117691,13306,Card
